-187.89355468749997, -619.7337036132814, 2047.2974853515625
-158.23648071289062, -628.3296508789061, 2042.720947265625
-113.39920043945311, -590.1330566406251, 2080.8986816406245
-194.02001953125, -559.1040039062501, 2110.335937500001
-166.20826721191406, -641.66064453125, 2020.1751708984373
-167.1245269775391, -644.055419921875, 2014.2244873046875
-180.70320129394526, -604.8696289062499, 2047.1467285156248
-175.67065429687491, -610.3092041015624, 2046.12841796875
-194.47560119628903, -548.4004516601564, 2121.64306640625
-109.14369201660153, -588.0584716796877, 2069.8112792968755
-168.55828857421878, -645.869384765625, 2008.418212890625
-113.20978546142578, -595.2695312500001, 2080.14599609375
-192.8972930908203, -563.6735839843751, 2104.132080078125
-110.98817443847655, -602.6901245117188, 2073.235595703125
-142.73715209960938, -635.946044921875, 2031.4699707031252
-167.1685333251953, -642.4982299804686, 2038.869384765625
-182.60382080078125, -632.2427978515625, 2048.440185546875
-175.115234375, -637.8150634765625, 2046.0841064453123
-183.35111999511722, -636.5723266601564, 2046.1774902343745
-182.7198333740234, -636.8916015625, 2042.9635009765625
-193.66452026367185, -587.93994140625, 2081.3530273437505
-181.39109802246097, -631.1086425781252, 2043.127197265625
-175.7749786376953, -632.38623046875, 2044.3508300781248
-131.73297119140622, -638.7310791015625, 2024.2061767578125
-141.89843750000006, -632.1209716796877, 2034.9294433593748
-172.80847167968753, -621.8837890625001, 2036.032348632812
-177.68522644042977, -622.7955322265627, 2033.4078369140625
-105.25566864013672, -672.034912109375, 2006.9802246093748
-153.72865295410153, -623.1483764648439, 2043.3670654296877
-146.66558837890625, -653.8853759765627, 2004.5158691406255
-155.90855407714838, -670.2733154296877, 1998.3226318359373
-143.23908996582028, -679.4342041015624, 2002.4447021484375
-151.7173767089844, -673.4276123046874, 2003.585693359375
-192.81188964843753, -590.2635498046875, 2094.486572265625
-156.291748046875, -686.76123046875, 2002.6416015625
-160.53297424316403, -676.2810058593751, 2007.564453125
-89.97863769531251, -587.8065795898438, 2069.005859375
-55.184135437011726, -690.9696044921874, 1982.6431884765623
-149.79133605957034, -608.7044677734375, 2078.2421875
-150.75761413574216, -681.7825927734375, 2018.1380615234375
-104.79473876953125, -605.7200317382814, 2068.924072265625
-101.44271087646482, -605.0567016601564, 2074.277099609375
-155.57913208007812, -684.8947753906251, 2005.1339111328123
-108.4197235107422, -552.41015625, 2113.3129882812505
-197.85734558105474, -579.9594726562501, 2116.145751953125
-110.21369171142578, -626.0473022460939, 2069.539794921875
-169.4040985107422, -687.4066162109374, 1987.5255126953125
-103.41964721679688, -621.1104736328126, 2060.3217773437505
-115.9866409301758, -633.2127685546876, 2065.1667480468745
-119.62297058105466, -570.046875, 2102.1564941406245
-170.27307128906244, -694.4940795898439, 1989.5113525390623
-169.00086975097656, -685.7758789062502, 1984.322021484375
-172.1060333251953, -672.6721801757812, 2012.8026123046875
-117.96292114257811, -608.1425170898436, 2076.9143066406255
-97.28243255615232, -628.13623046875, 2046.0168457031252
-110.88623046875, -591.3052978515624, 2080.4677734375005
-178.67092895507815, -629.871337890625, 2028.6821289062498
-145.8951416015625, -607.0540771484375, 2072.015625
-105.68511962890626, -605.5712890625, 2086.21142578125
-172.18646240234378, -647.2450561523438, 2013.8560791015627
-170.16360473632807, -678.2102661132811, 1992.2943115234373
-108.42829132080078, -599.2744140625001, 2081.4943847656245
-178.1691131591797, -631.8532714843749, 2021.9495849609377
-170.09465026855466, -670.9763183593751, 1981.2928466796873
-107.01069641113283, -620.5237426757814, 2086.818603515625
-104.92311096191408, -625.5014648437499, 2078.2543945312505
-110.04228210449217, -630.551513671875, 2066.303710937501
-187.11775207519528, -647.2703857421877, 2024.2971191406252
-103.54261779785155, -589.821533203125, 2093.4428710937495
-174.15324401855472, -677.2145996093751, 2021.6636962890623
-181.13993835449222, -647.3147583007812, 2042.067626953125
-175.05874633789068, -671.3349609375, 2022.8684082031248
-187.8545074462891, -597.2492675781251, 2103.834228515625
-108.71190643310548, -616.6987304687502, 2096.1733398437505
-114.84481048583986, -620.9190673828124, 2082.359619140625
-178.06361389160153, -638.4100341796876, 2041.3680419921875
-111.57843780517577, -603.9625244140623, 2097.1647949218745
-111.45560455322266, -610.58349609375, 2090.6579589843755
-105.12464141845702, -612.5153808593751, 2090.718505859375
-105.82321929931642, -615.1348266601564, 2090.4128417968745
-105.70298767089844, -613.5191650390625, 2089.2165527343755
-109.51189422607422, -612.0546264648436, 2079.8183593750005
-184.60000610351562, -556.0060424804686, 2158.50634765625
-180.56417846679688, -576.1641845703126, 2121.52587890625
-178.83784484863284, -603.4575195312499, 2091.198974609375
-108.1064758300781, -609.0435180664062, 2095.11474609375
-117.49387359619139, -521.5858764648439, 2166.6352539062505
-106.74873352050781, -619.9865722656251, 2086.120605468749
-182.57269287109378, -580.9171142578125, 2115.82568359375
-116.91555786132812, -526.4108886718751, 2164.210693359375
-165.41532897949222, -593.7233886718752, 2099.2587890624995
-182.09391784667974, -555.2141113281251, 2153.085205078125
-120.95681762695311, -583.8461303710938, 2109.28955078125
-182.9561004638672, -588.1683959960939, 2118.3251953125005
-117.92185211181639, -525.4580688476562, 2161.8271484375005
-117.62412261962889, -530.9494018554686, 2169.424072265625
-182.73365783691403, -596.0195922851562, 2110.070312500001
-183.4165954589844, -590.4014892578126, 2118.18359375
-175.47590637207034, -596.5325927734374, 2102.820312500001
-185.18644714355474, -596.7714843750001, 2111.3159179687505
-162.95951843261722, -656.14306640625, 2051.43310546875
-177.4705963134766, -649.92333984375, 2042.4130859375
-174.18574523925776, -601.6979980468751, 2089.182373046875
-175.3281707763672, -639.9793090820312, 2041.3533935546873
-164.64912414550776, -644.4927978515625, 2035.3720703124998
-158.2442321777344, -637.8773193359374, 2034.6584472656248
-190.76976013183588, -621.7067871093751, 2059.025390625
-177.65782165527347, -533.6001586914061, 2133.0864257812495
-178.45269775390628, -626.5264892578126, 2050.287109375
-182.7452239990234, -589.8028564453124, 2084.74658203125
-122.09385681152342, -517.17626953125, 2176.6352539062505
-164.8027496337891, -641.1058959960939, 2045.8687744140625
-153.10763549804685, -647.8988037109375, 2037.4019775390625
-186.67108154296875, -558.66748046875, 2138.57763671875
-165.01736450195312, -646.2041015625001, 2045.2794189453123
-183.44010925292974, -555.7662963867186, 2130.965087890625
-177.00779724121094, -583.6146240234374, 2099.7526855468745
-174.98422241210943, -587.0811767578126, 2095.2160644531245
-181.59825134277347, -624.7094726562502, 2046.0325927734375
-190.17994689941406, -569.2808837890626, 2109.304931640625
-178.00767517089838, -627.8157958984374, 2038.02490234375
-163.4380645751953, -586.4387817382814, 2076.02587890625
-112.97813415527344, -583.6032104492188, 2076.282958984375
-193.61163330078125, -563.7882080078126, 2102.3850097656245
-114.13042449951172, -595.309814453125, 2093.6103515625005
-112.2138671875, -584.3392333984374, 2078.869873046875
-188.96994018554688, -563.0121459960938, 2116.8652343750005
-117.00253295898436, -595.692626953125, 2083.2778320312505
-115.05694580078124, -605.2083740234376, 2068.0234375000005
-191.1669921875, -564.6445312500001, 2111.1450195312505
-183.56335449218747, -634.981384277344, 2031.5362548828125
-192.44743347167974, -556.5297241210938, 2121.969970703125
-183.97499084472656, -632.8555908203124, 2028.3779296875
-115.73265075683594, -604.62109375, 2073.163818359375
-186.0728302001953, -591.75244140625, 2076.6418457031245
-183.15151977539062, -589.6743164062501, 2072.04443359375
-170.46571350097656, -637.6300048828124, 2022.0782470703123
-169.67079162597653, -640.3248901367188, 2027.20849609375
-189.48497009277344, -564.6991577148438, 2123.2038574218745
-180.08316040039062, -609.5479125976562, 2076.2509765625005
-182.24029541015622, -589.2486572265626, 2096.940673828125
-183.7371826171875, -585.5592041015624, 2089.7524414062495
-175.77932739257812, -654.6456298828123, 2010.26220703125
-187.51957702636713, -571.2489624023438, 2114.212646484375
-107.70231628417969, -625.5928955078126, 2064.254638671875
-110.6311492919922, -639.6407470703126, 2054.006103515625
-107.88960266113283, -615.9609375, 2083.873291015625
-125.95156097412111, -655.7854003906251, 2035.6320800781248
-107.08100891113281, -607.4518432617188, 2092.6054687499995
-106.35362243652342, -615.7849121093751, 2093.976806640625
-106.70508575439452, -620.7635498046875, 2101.4787597656245
-184.89241027832034, -569.0322875976562, 2138.764892578125
-107.53116607666016, -611.4220581054685, 2096.9338378906255
-107.3018341064453, -600.769287109375, 2094.7502441406245
-108.37040710449216, -608.0205078124999, 2097.0881347656245
-187.1922607421875, -571.6330566406251, 2112.832275390625
-109.00962829589845, -599.8322753906249, 2096.855712890626
-191.43519592285153, -552.7746582031251, 2175.3901367187505
-111.67786407470703, -593.1041259765626, 2103.950439453125
-107.16608428955078, -600.756103515625, 2097.95654296875
-192.02217102050778, -560.7567138671876, 2123.1591796875005
-107.84202575683594, -605.8509521484374, 2103.38671875
-116.40786743164062, -607.6421508789061, 2086.893554687501
-189.7542266845703, -571.7520141601562, 2135.9260253906245
-119.26071166992189, -606.9062499999999, 2088.2470703125
-173.90495300292972, -587.5108642578126, 2107.695068359375
-103.83522033691405, -619.11669921875, 2078.7778320312505
-106.82897186279294, -609.6176757812499, 2096.241455078125
-106.91205596923831, -607.7518310546876, 2091.520263671875
-142.5069580078125, -607.2218017578126, 2083.0283203125
-107.32705688476561, -602.5361328124999, 2102.69091796875
-106.50093841552733, -613.4603271484374, 2092.92919921875
-106.2742919921875, -613.040771484375, 2091.6965332031255
-156.41043090820318, -600.9097290039061, 2101.735107421875
-106.60837554931639, -612.2635498046875, 2091.001953125
-189.0089111328125, -534.0101928710938, 2161.231201171875
-110.42811584472655, -592.8240356445312, 2113.8222656249995
-111.40435791015625, -590.4835205078126, 2114.4853515625005
-111.39401245117189, -592.8858642578126, 2105.0759277343755
-111.57860565185547, -611.6785278320312, 2102.9475097656245
-182.3654174804688, -583.87451171875, 2112.1865234375
-184.53648376464838, -593.5095825195314, 2105.2216796875
-167.47274780273446, -539.6906738281251, 2160.4243164062505
-158.22825622558594, -626.3851928710938, 2050.4819335937505
-182.27003479003903, -591.563232421875, 2098.618408203125
-182.71209716796875, -589.5787353515627, 2101.819091796875
-168.21894836425778, -639.9308471679688, 2036.9088134765627
-174.48522949218753, -632.859375, 2051.14013671875
-185.78302001953125, -538.8958740234375, 2147.94580078125
-185.79220581054688, -545.3660888671875, 2147.390625
-192.55322265625, -591.9773559570314, 2175.6572265625005
-191.36868286132812, -630.1633300781252, 2173.727783203125
-185.20332336425776, -639.6635742187501, 2201.4216308593755
-176.6830902099609, -641.2495727539062, 2228.083251953125
-166.50563049316403, -641.7617797851562, 2249.893310546876
-160.08731079101562, -650.9468994140624, 2261.7524414062495
-154.09291076660156, -655.0528564453124, 2271.74365234375
-147.07487487792972, -660.0172119140624, 2281.2026367187495
-141.80276489257812, -662.8509521484374, 2289.7551269531255
-137.36270141601565, -666.0981445312501, 2298.1076660156245
-133.1450500488281, -664.4702758789062, 2304.732421875
-129.04284667968753, -662.4296875, 2309.723876953125
-124.993522644043, -660.9366455078125, 2314.0473632812505
-120.55797576904298, -657.4392089843749, 2320.633544921875
-119.32412719726561, -661.7781982421877, 2322.4587402343755
-115.2000961303711, -665.4333496093751, 2326.67626953125
-111.76535034179688, -664.7675781249999, 2330.60400390625
-110.1172332763672, -664.9447021484375, 2333.42724609375
-109.28365325927737, -664.2486572265626, 2335.054931640625
-108.76981353759766, -664.9695434570312, 2335.4472656249995
-108.13153839111328, -665.8104858398438, 2334.247314453125
-107.93856048583986, -664.6541137695312, 2332.8662109375005
-107.00757598876953, -665.8651123046874, 2330.8996582031255
-105.91804504394533, -665.560302734375, 2330.1440429687495
-106.57882690429688, -663.9963989257812, 2334.0986328125005
-116.38653564453125, -686.2496337890625, 2318.13232421875
-121.31799316406251, -709.29736328125, 2298.8259277343755
-124.4763717651367, -727.0764770507814, 2285.0886230468745
-125.79624938964847, -741.473571777344, 2273.1984863281245
-127.90982818603516, -749.661865234375, 2266.2880859374995
-127.36570739746091, -751.76513671875, 2263.165771484375
-126.27173614501952, -757.3281249999999, 2261.82763671875
-123.31703186035155, -749.2706298828124, 2265.736083984375
-122.00476837158202, -747.1294555664064, 2270.780761718749
-121.4962387084961, -740.0510864257811, 2279.867919921875
-120.8453140258789, -737.5508422851562, 2282.179931640625
-119.59256744384767, -736.1513671874999, 2281.82080078125
-119.33536529541016, -736.3135986328125, 2280.8564453125
-119.38238525390624, -737.3586425781251, 2282.38916015625
-117.27707672119139, -732.0263671874999, 2285.8122558593755
-117.4826126098633, -734.2471923828124, 2285.8710937500005
-117.13725280761719, -737.6293334960939, 2287.871337890626
-116.89939117431639, -742.819091796875, 2283.7333984375005
-116.02608489990234, -745.7902832031251, 2282.1933593750005
-116.50410461425783, -748.7225341796876, 2280.761474609375
-120.03617858886719, -754.8388671874999, 2272.8706054687495
-120.91336059570312, -758.2597045898439, 2269.038818359375
-121.34908294677734, -759.8236083984374, 2267.542724609375
-122.33908843994139, -760.3067626953124, 2266.12548828125
-121.69537353515624, -760.8812255859373, 2265.301025390625
-121.28292083740233, -760.4692993164061, 2265.308837890625
-121.33625793457031, -761.8343505859374, 2263.489501953125
-121.99193572998048, -760.8668212890624, 2262.226318359375
-121.76336669921878, -760.7434692382814, 2262.381591796875
-120.26649475097656, -759.7460327148438, 2263.090332031251
-121.00561523437501, -760.9333496093751, 2262.70703125
-119.54035186767578, -758.5481567382812, 2263.56689453125
-120.33410644531253, -758.421630859375, 2264.3317871093755
-122.3774642944336, -755.7622070312499, 2264.5625
-122.2489013671875, -753.7425537109374, 2267.600830078125
-121.82376861572264, -750.7816162109375, 2269.7556152343755
-121.49067687988281, -748.5869140625, 2269.4267578125005
-120.87534332275386, -742.5134887695314, 2275.5681152343755
-120.93777465820312, -739.9616699218749, 2278.4064941406245
-117.94773101806639, -739.8892822265626, 2282.299072265625
-117.90163421630861, -741.3155517578125, 2282.464111328125
-118.22599029541016, -739.8070068359373, 2285.599853515625
-116.75265502929689, -739.8846435546876, 2287.9934082031255
-116.08318328857422, -737.87060546875, 2290.6826171875
-115.9995040893555, -737.6950683593751, 2290.4558105468755
-117.02510833740232, -733.9313964843749, 2290.9902343750005
-117.7625045776367, -728.8067016601564, 2291.338134765625
-103.26083374023439, -715.2094726562502, 2298.6118164062505
-98.7428512573242, -712.4355468749999, 2295.257080078125
-98.07883453369136, -713.8845214843749, 2289.0634765625005
-97.63195037841797, -716.6329345703126, 2283.9143066406255
-99.00137329101562, -725.8072509765625, 2272.9719238281255
-99.67184448242186, -738.3140869140625, 2266.50146484375
-99.37853240966795, -746.5865478515625, 2257.0017089843755
-99.08568572998047, -747.3333740234375, 2256.324951171875
-99.76225280761719, -747.5448608398438, 2258.3525390625005
-100.19274139404295, -746.5451660156249, 2259.0371093750005
-100.51177215576169, -746.3524169921874, 2258.7524414062495
-101.29793548583986, -746.9426269531249, 2257.876953125
-101.18043518066403, -745.952880859375, 2256.861328125
-100.78642272949219, -745.8773193359374, 2254.2470703125
-97.59547424316405, -707.34375, 2297.7062988281245
-99.17748260498045, -698.7885131835938, 2306.5671386718755
-96.09853363037111, -686.1931152343751, 2321.8693847656245
-95.19805908203125, -678.6368408203125, 2331.7612304687495
-97.80407714843749, -671.092529296875, 2337.7314453125
-99.51146697998048, -669.3128662109374, 2340.4121093750005
-101.31443786621094, -665.800537109375, 2341.351562500001
-101.60160827636719, -666.659912109375, 2341.7900390625
-103.37407684326169, -668.1075439453125, 2342.9570312500005
-102.49388885498045, -661.875244140625, 2344.5751953125005
-103.4245071411133, -659.2307739257814, 2346.3586425781255
-102.47994232177734, -658.6712036132812, 2347.134521484375
-102.5132522583008, -656.9285888671876, 2347.00146484375
-103.69618225097655, -657.8214111328124, 2346.0498046875
-104.4622802734375, -653.5754394531251, 2351.4057617187495
-103.35617065429688, -649.6881103515626, 2352.0329589843755
-103.50595092773438, -649.2520751953124, 2351.3579101562505
-105.42709350585939, -652.7088623046876, 2351.32958984375
-103.93955230712889, -653.7449951171876, 2350.52734375
-102.85455322265625, -653.345947265625, 2349.50830078125
-101.73523712158202, -652.1275634765625, 2353.808349609375
-99.18946838378903, -647.3521728515624, 2362.5373535156255
-98.53964996337892, -643.9741210937499, 2366.870361328125
-98.98976898193361, -640.4136962890625, 2369.58837890625
-98.25878143310545, -639.0555419921875, 2372.1433105468755
-100.75546264648436, -649.8282470703125, 2363.0480957031245
-100.93690490722656, -647.7327270507812, 2360.243896484375
-100.31538391113281, -643.9257812500001, 2359.7551269531255
-99.06445312500001, -640.1961669921875, 2367.860107421875
-98.51329803466797, -637.540771484375, 2370.501953125
-98.1812210083008, -639.7803344726565, 2373.3994140625005
-99.65454864501953, -639.005126953125, 2374.4548339843755
-97.91185760498048, -637.5560302734375, 2375.3994140625005
-96.0468063354492, -636.9826660156249, 2376.3408203125
-93.30671691894531, -637.3940429687501, 2378.992431640625
-94.17356872558592, -650.8856201171875, 2367.9077148437505
-95.09342956542969, -652.1915283203125, 2363.4177246093755
-94.06858825683592, -645.1235351562501, 2371.125732421875
-93.03738403320311, -644.3529052734374, 2375.805419921875
-92.05748748779297, -641.651611328125, 2379.8298339843755
-88.99196624755861, -639.9492187499999, 2381.2666015624995
-90.98374938964845, -655.6441650390625, 2373.7207031249995
-94.12255859374997, -656.0032958984374, 2372.091552734376
-96.2224884033203, -654.5852050781251, 2370.8977050781255
-97.04106140136722, -661.349365234375, 2367.0346679687495
-96.76670837402342, -662.7181396484376, 2363.9343261718755
-96.38914489746092, -659.8920898437499, 2364.1103515625005
-97.68315887451169, -666.687255859375, 2361.935791015625
-97.33380126953125, -668.1236572265626, 2362.519287109375
-97.78107452392578, -671.8896484375, 2361.2331542968755
-98.15634918212888, -672.231201171875, 2360.465332031251
-99.08284759521483, -673.8597412109375, 2359.6484375
-99.07355499267578, -673.3940429687501, 2357.860595703125
-99.11128997802736, -671.8548583984374, 2355.0185546875005
-98.43260955810548, -669.7281494140625, 2358.05419921875
-96.69253540039061, -667.3903808593751, 2356.943115234376
-97.66780853271482, -671.7000732421877, 2355.8930664062505
-97.99210357666016, -675.5754394531251, 2354.896728515625
-99.46837615966795, -674.449951171875, 2353.4973144531255
-100.11544036865233, -674.3687744140625, 2352.3212890625
-99.75533294677733, -671.7052612304688, 2352.410156250001
-99.56420898437503, -670.5328369140625, 2350.9340820312505
-99.78376770019531, -669.7103881835938, 2350.768310546875
-100.51959228515626, -670.439697265625, 2349.54833984375
-101.68025207519531, -670.8479003906249, 2348.0688476562495
-102.3276901245117, -671.927001953125, 2347.3681640625
-101.87713623046874, -669.6330566406251, 2348.6301269531255
-102.58386230468749, -669.5733642578127, 2348.1997070312505
-102.97029876708983, -668.1551513671876, 2347.289306640625
-102.61141204833984, -669.2513427734375, 2347.6726074218745
-102.51017761230467, -668.2534179687501, 2346.9899902343755
-111.26819610595703, -689.8764038085938, 2328.1806640624995
-115.65841674804688, -706.7138671875, 2315.66552734375
-119.10648345947266, -714.0677490234374, 2306.1513671875005
-118.40037536621094, -721.936279296875, 2301.376220703125
-121.31269073486328, -725.9573974609374, 2295.59716796875
-121.38151550292967, -728.8345947265625, 2291.92041015625
-120.43335723876952, -732.4423828124999, 2293.64013671875
-119.35010528564453, -733.451904296875, 2293.545166015625
-118.47562408447267, -733.2450561523438, 2292.7294921875
-116.46083831787108, -728.8659667968749, 2299.7851562500005
-113.66535949707031, -724.2053222656251, 2301.0009765625005
-103.48155975341798, -722.7177734375001, 2295.72705078125
-99.06817626953125, -721.3236083984374, 2292.007080078125
-98.35521697998047, -719.0767822265627, 2288.924560546875
-94.17221069335938, -721.1833496093752, 2290.333007812501
-93.11157989501953, -715.2677001953124, 2294.4997558593755
-93.38855743408202, -712.9332275390625, 2295.8261718750005
-94.0434799194336, -711.4691162109374, 2294.960693359375
-97.03111267089845, -715.631103515625, 2291.3481445312505
-97.29965209960939, -725.5429687499999, 2284.98779296875
-99.72986602783203, -729.5415649414061, 2280.7756347656245
-98.69869995117189, -736.9080810546876, 2273.8142089843755
-98.32398986816405, -739.6666259765625, 2267.81884765625
-98.48583984374999, -741.3966064453124, 2265.4648437499995
-97.4173049926758, -744.091796875, 2265.77099609375
-97.6181640625, -744.1956787109375, 2260.853759765625
-97.64359283447264, -747.5146484375, 2257.3452148437505
-98.63426208496095, -750.5518798828124, 2253.39892578125
-98.7298889160156, -751.9584960937499, 2253.2309570312505
-99.6555938720703, -753.6676025390625, 2251.476806640625
-100.32150268554689, -754.4082031249999, 2247.15380859375
-100.48703002929689, -759.5822143554686, 2243.8305664062505
-101.61499786376952, -761.6810302734376, 2242.5932617187495
-101.27783203124999, -763.3106689453124, 2242.5671386718755
-101.7614517211914, -763.4948120117188, 2241.610595703125
-105.68544769287108, -763.8900146484375, 2243.9577636718755
-107.14225006103517, -765.2053222656251, 2247.927978515625
-108.43065643310548, -765.50732421875, 2247.13818359375
-108.55718231201169, -765.415771484375, 2248.92724609375
-108.53076171874999, -766.0384521484375, 2250.843017578126
-107.96630096435548, -766.19921875, 2250.8032226562505
-106.6965408325195, -760.0772705078126, 2253.5329589843755
-106.0176010131836, -757.7841186523439, 2255.7763671875
-101.00728607177736, -751.7044677734375, 2257.64599609375
-98.94300079345703, -747.7000732421877, 2258.8801269531255
-97.46717834472655, -745.3049316406251, 2259.7961425781255
-96.6531295776367, -744.3166503906249, 2262.1301269531255
-95.1476287841797, -743.251708984375, 2263.2978515625
-94.89738464355467, -741.6198730468752, 2264.6418457031245
-93.9108657836914, -734.5895996093751, 2269.822998046875
-104.91188049316406, -737.1593017578126, 2276.949462890625
-108.60961151123047, -740.1873779296877, 2278.070068359375
-100.49456787109376, -734.9879150390625, 2279.36083984375
-97.04940795898438, -729.7623291015624, 2278.890625
-94.77569580078124, -724.0631103515625, 2281.1333007812505
-99.14285278320311, -723.12744140625, 2284.498779296875
-96.1083068847656, -721.3231201171875, 2284.9738769531255
-94.7631378173828, -723.403564453125, 2285.23291015625
-101.35999298095703, -727.265869140625, 2281.36962890625
-113.33051300048828, -741.4476318359373, 2275.7836914062495
-119.07817840576169, -752.8828125, 2269.692626953125
-122.63615417480467, -760.5660400390625, 2264.0976562500005
-123.97481536865234, -763.6973876953125, 2259.798828124999
-123.88622283935547, -755.9841308593751, 2263.0146484375
-126.21413421630861, -752.2078857421876, 2265.518798828125
-127.15211486816405, -755.1882324218751, 2265.303466796875
-123.372932434082, -752.4661865234374, 2268.3747558593755
-120.81156158447267, -748.3297729492189, 2270.616455078125
-119.81016540527347, -746.9300537109374, 2273.40380859375
-119.90404510498047, -746.0298461914061, 2273.577880859375
-107.63157653808592, -704.6605224609374, 2309.6491699218745
-101.05155944824222, -684.3544921874999, 2326.630859375
-98.47240447998047, -674.6719970703126, 2335.2241210937495
-97.71219635009766, -669.1176757812499, 2339.7644042968745
-97.8804931640625, -666.7161865234375, 2341.5236816406245
-97.54036712646482, -663.7354736328126, 2343.7275390625
-98.39644622802734, -660.2494506835938, 2353.0932617187495
-98.74748229980469, -657.4262695312499, 2352.484375
-98.04808044433595, -649.8955078124999, 2356.4079589843755
-95.31687164306639, -645.740966796875, 2364.4328613281245
-94.86025238037111, -642.3489990234374, 2371.683837890625
-91.91320800781251, -641.875244140625, 2377.130859375
-92.45923614501953, -641.474609375, 2376.559814453125
-94.93309783935547, -639.8829345703126, 2377.729980468749
-93.93751525878906, -639.5709228515625, 2378.075439453125
-93.6030502319336, -638.9186401367188, 2377.23681640625
-94.95526123046875, -640.5467529296876, 2377.5412597656245
-97.0178451538086, -647.0435791015625, 2370.10302734375
-98.8817138671875, -650.653747558594, 2364.1728515625
-99.83444213867186, -651.0109863281251, 2360.157470703125
-101.27808380126952, -650.1837158203126, 2354.738037109375
-100.88684844970703, -647.131591796875, 2355.21875
-101.35644531249997, -645.1938476562502, 2353.6276855468745
-102.92029571533205, -649.5457153320312, 2352.1848144531245
-103.52657318115234, -650.92138671875, 2353.5349121093755
-100.00848388671875, -645.5238037109375, 2366.3205566406255
-98.93053436279297, -643.8646240234373, 2371.5297851562495
-98.20020294189453, -642.2200927734375, 2375.2783203125
-96.47468566894534, -639.440673828125, 2377.3261718750005
-96.04030609130861, -638.0579833984374, 2379.00341796875
-93.7849349975586, -638.7059326171877, 2380.0559082031255
-93.6321563720703, -640.497314453125, 2379.74658203125
-94.84201049804689, -643.8037109375001, 2371.72705078125
-94.19176483154297, -643.862060546875, 2373.321533203126
-96.70538330078124, -653.46435546875, 2364.99462890625
-98.04000091552734, -656.396240234375, 2356.521484375
-99.16569519042966, -654.3468017578125, 2354.2543945312505
-98.52184295654295, -649.01171875, 2356.9819335937505
-95.94055938720706, -646.6986083984375, 2361.3283691406245
-95.83106994628906, -653.5230712890626, 2357.46630859375
-93.68530273437499, -650.7064208984374, 2363.3168945312505
-95.08454132080078, -658.3974609375, 2362.7128906249995
-96.8343811035156, -662.375, 2355.6362304687495
-95.74307250976561, -662.7214355468752, 2356.9934082031255
-96.0477828979492, -660.722900390625, 2358.859619140625
-97.20066833496094, -660.026123046875, 2360.0285644531245
-97.10719299316405, -660.1773681640625, 2358.885986328125
-97.32344818115233, -660.6370239257811, 2357.8435058593755
-97.19205474853516, -664.4016723632812, 2358.6306152343755
-94.19782257080078, -660.6330566406251, 2363.5527343750005
-94.58849334716797, -664.2716064453125, 2358.631591796875
-94.62782287597655, -666.3917236328125, 2354.532470703125
-94.75443267822266, -666.1717529296877, 2353.0100097656245
-94.73345947265625, -666.3922729492188, 2351.126708984375
-93.52082824707031, -668.3261718749999, 2352.0419921875005
-92.24884033203124, -666.3458862304688, 2350.5288085937495
-91.59033966064453, -662.8898925781252, 2351.190185546875
-90.6322555541992, -659.747802734375, 2352.8977050781255
-91.33415985107422, -664.3912353515625, 2353.4099121093755
-91.89413452148438, -668.798828125, 2351.6997070312505
-92.94635009765625, -668.7108154296876, 2350.112060546875
-92.68802642822266, -668.206298828125, 2349.5712890625
-95.2650680541992, -667.9201660156249, 2348.0673828125005
-94.47864532470703, -667.2810058593751, 2347.9704589843755
-94.53486633300781, -668.6522216796875, 2349.8481445312505
-95.22018432617188, -666.6896972656251, 2347.743896484375
-95.47450256347655, -667.8497314453125, 2341.042480468749
-94.96289062500001, -666.5503540039061, 2341.7080078125
-96.10069274902344, -665.0823364257812, 2344.3073730468755
-94.91673278808594, -665.4217529296876, 2345.2641601562495
-94.79159545898439, -664.3131103515625, 2343.2736816406245
-93.60611724853516, -663.117919921875, 2338.4130859375005
-91.94273376464845, -664.9575195312499, 2339.7832031249995
-91.33976745605466, -663.7459716796877, 2337.056884765624
-90.27295684814452, -665.8932495117188, 2338.359130859376
-89.4658737182617, -665.9169921874999, 2337.0646972656245
-90.98734283447264, -667.8951416015625, 2335.8291015625005
-91.09932708740234, -666.0946044921875, 2335.7119140625005
-92.85234069824219, -659.5280761718751, 2344.985595703125
-96.42374420166016, -660.9306640624999, 2347.1022949218745
-94.32405090332031, -653.9610595703125, 2350.790771484375
-97.92098999023439, -655.6645507812499, 2349.549072265625
-98.26419830322266, -658.0712280273438, 2349.1542968750005
-96.71069335937503, -645.9129638671875, 2357.4140625000005
-99.57289886474608, -632.0362548828123, 2364.122314453125
-98.61184692382811, -623.0039062500001, 2369.053466796875
-102.66202545166016, -616.7425537109374, 2372.2666015624995
-108.3394546508789, -642.60302734375, 2357.9931640625005
-104.95360565185548, -666.7706298828124, 2336.887939453125
-107.14264678955078, -683.006103515625, 2318.72021484375
-99.71276092529298, -694.0039062500001, 2303.3168945312505
-97.01802825927736, -703.797790527344, 2293.864501953125
-95.40953826904298, -712.1008300781252, 2285.9125976562505
-96.05854034423828, -715.6531982421876, 2281.5476074218745
-94.87638854980466, -712.2088623046876, 2285.2321777343755
-94.43588256835938, -711.5770263671876, 2286.091796875001
-95.77615356445311, -715.2032470703126, 2281.0878906249995
-96.00138854980467, -717.5358886718751, 2277.408935546875
-96.04866027832033, -718.5460205078125, 2275.3383789062505
-96.42738342285155, -725.7222900390625, 2271.58203125
-96.79000091552734, -728.9734497070314, 2270.1540527343755
-97.97005462646483, -730.21240234375, 2266.567626953125
-102.56821441650389, -729.7353515625001, 2265.3552246093755
-98.60601806640624, -725.8934326171877, 2265.58203125
-98.39566802978516, -734.3760986328125, 2259.8666992187495
-97.3591613769531, -737.2216796875, 2258.0244140625
-98.19981384277344, -739.4001464843749, 2253.5861816406245
-97.59180450439453, -741.80029296875, 2255.52392578125
-97.81150817871094, -742.3846435546876, 2254.723876953125
-97.28082275390625, -742.6588134765626, 2254.134521484375
-98.15287017822263, -741.2941894531251, 2252.129150390625
-98.91205596923831, -741.3675537109373, 2252.5644531249995
-97.71242523193361, -741.2939453125001, 2254.6269531249995
-97.94810485839845, -742.2087402343752, 2253.515625
-97.9650421142578, -742.9392089843749, 2253.984375
-96.52604675292966, -743.61181640625, 2256.4616699218745
-96.32936096191406, -743.0601806640625, 2256.3569335937505
-96.1472702026367, -741.982177734375, 2257.531494140625
-97.5258102416992, -735.2469482421876, 2261.8024902343755
-96.80142974853517, -730.5122070312499, 2263.880859375
-107.00912475585939, -733.548583984375, 2269.2551269531255
-110.36845397949219, -735.9876708984374, 2270.175048828125
-112.55747222900389, -735.99462890625, 2273.077392578126
-114.44339752197267, -728.827880859375, 2277.3959960937505
-110.54594421386719, -728.7880859375002, 2295.4296875
-113.34942626953126, -752.8936767578126, 2296.4069824218745
-114.81616973876953, -753.5856933593751, 2300.86474609375
-113.71483612060547, -735.52880859375, 2309.0476074218745
-111.93531036376952, -716.9008178710938, 2314.7294921875
-115.068603515625, -718.6236572265626, 2302.79833984375
-119.29218292236328, -722.86572265625, 2289.4326171875005
-121.7948989868164, -726.7871704101564, 2280.376220703125
-122.96256256103517, -734.1394042968751, 2275.5783691406245
-122.42137908935548, -743.3822021484374, 2269.07958984375
-123.49781036376953, -747.9991455078126, 2264.7998046875
-123.81532287597655, -749.49169921875, 2262.4045410156245
-124.87327575683592, -751.689453125, 2261.1115722656255
-125.8066864013672, -751.1856689453125, 2259.5842285156245
-126.06128692626953, -752.0994873046876, 2260.5278320312505
-110.72901153564452, -708.1422729492188, 2302.94677734375
-100.8304977416992, -680.545654296875, 2331.3176269531255
-96.25707244873047, -663.2701416015626, 2345.3481445312505
-93.83463287353514, -653.2785644531251, 2355.435302734376
-94.30800628662108, -657.0631103515625, 2351.5993652343755
-96.9206237792969, -657.8880615234375, 2349.2543945312505
-96.06539154052733, -652.5040893554688, 2352.850341796875
-95.25022888183595, -646.3696289062499, 2364.0766601562495
-95.01078033447264, -641.3197021484375, 2370.9816894531245
-93.8629455566406, -637.2373657226562, 2371.309814453125
-91.21211242675781, -630.1546630859373, 2374.77734375
-91.25738525390625, -625.7974853515626, 2379.6511230468755
-91.91963195800783, -630.9320068359373, 2375.14599609375
-93.6407470703125, -640.364501953125, 2370.791748046875
-97.18119812011719, -651.6631469726564, 2358.2963867187495
-100.67884063720702, -652.9171142578125, 2351.723388671875
-100.62873840332028, -651.032470703125, 2348.754638671875
-99.28530120849608, -643.48974609375, 2355.2661132812505
-99.94238281249997, -650.3324584960936, 2351.7080078125
-100.58878326416016, -653.1209716796877, 2347.9375000000005
-101.93262481689452, -657.0567626953124, 2343.4697265625005
-102.54627990722656, -657.1217041015625, 2340.91796875
-103.65853118896482, -659.6248779296877, 2338.9899902343755
-103.73509216308592, -656.3972167968749, 2339.608886718749
-102.09485626220705, -651.57568359375, 2348.7084960937495
-101.48574829101561, -651.1745605468752, 2347.2802734375
-99.81036376953126, -647.3519287109373, 2353.3693847656245
-99.6669998168945, -646.3129882812499, 2355.5039062500005
-99.21820068359376, -644.2391357421876, 2357.8862304687495
-97.8165817260742, -641.8202514648436, 2361.3251953125005
-97.5255661010742, -644.1011962890625, 2361.5283203125
-97.60593414306638, -646.1493530273439, 2359.709716796875
-99.37467956542967, -652.7606201171875, 2353.7167968750005
-100.05579376220703, -658.7799072265627, 2345.521728515625
-100.22476196289061, -661.5215454101562, 2345.05078125
-100.82273864746091, -662.969970703125, 2341.945068359375
-100.90514373779297, -662.4290771484375, 2340.1845703125
-99.15543365478514, -660.2868652343751, 2342.56640625
-98.64122009277345, -662.1173095703126, 2339.2033691406245
-99.30844879150388, -662.24169921875, 2340.52392578125
-98.14834594726561, -661.0257568359374, 2344.22265625
-96.31868743896483, -659.6077880859374, 2347.2033691406245
-97.01708221435547, -655.6422119140624, 2350.4807128906255
-97.6138229370117, -659.9134521484375, 2348.2998046875
-97.17936706542966, -659.6165771484375, 2348.7165527343755
-98.13964080810547, -660.7325439453125, 2348.3972167968755
-97.14291381835938, -663.1519775390626, 2348.228759765624
-97.51824951171876, -661.5947265625001, 2349.3078613281245
-99.18803405761717, -664.70556640625, 2350.00537109375
-97.86232757568358, -662.8533935546876, 2349.7084960937495
-96.71205139160155, -661.8177490234374, 2350.5993652343755
-94.77917480468749, -659.3277587890624, 2354.3156738281255
-93.91145324707034, -658.6683349609376, 2355.8527832031255
-92.58194732666014, -654.47802734375, 2358.1599121093755
-93.68041229248044, -661.6209106445312, 2353.47412109375
-95.36316680908203, -663.6154785156251, 2349.7189941406245
-94.69256591796875, -662.338134765625, 2347.9797363281255
-93.14051818847655, -653.4323730468751, 2351.771728515625
-94.48209381103516, -660.2130126953125, 2349.3259277343755
-96.74312591552736, -658.1369628906249, 2348.2412109375005
-97.2971878051758, -657.2186279296876, 2347.30078125
-96.7770309448242, -659.8756713867188, 2344.8830566406255
-95.68573760986327, -661.9996337890625, 2343.4135742187505
-94.78645324707033, -663.9791259765626, 2342.2783203125
-95.79833984374999, -664.1486816406251, 2340.7976074218745
-95.2738265991211, -662.85107421875, 2338.985107421875
-95.0264892578125, -661.7542724609375, 2339.558349609375
-95.22887420654295, -661.9921264648436, 2338.849853515625
-95.15555572509766, -657.1530761718751, 2339.69580078125
-94.30285644531251, -660.9256591796875, 2335.887451171875
-94.40711212158203, -661.4379882812499, 2333.0256347656245
-93.28238677978514, -661.8814697265625, 2333.032470703125
-92.95614624023439, -662.3479003906249, 2335.102783203125
-89.96321105957033, -656.3372802734374, 2341.265869140624
-88.8682632446289, -660.9215087890624, 2334.3046875
-89.064323425293, -661.8956909179688, 2332.8510742187505
-90.24782562255861, -660.6591796875, 2328.8251953125005
-91.51069641113283, -661.3822021484374, 2329.75
-91.74671936035156, -655.6890869140626, 2337.1259765625005
-98.74806213378903, -669.4763183593751, 2328.2805175781255
-113.80375671386717, -694.3636474609374, 2305.5920410156245
-121.98302459716798, -718.42822265625, 2288.044677734375
-124.73607635498045, -730.4642333984374, 2276.5688476562495
-122.82472229003905, -741.3452148437498, 2268.147705078125
-122.03385925292967, -749.0653076171876, 2263.05029296875
-122.75177764892578, -754.1394042968751, 2260.4223632812505
-121.09004974365234, -750.7950439453126, 2264.2961425781255
-119.31653594970705, -745.642822265625, 2269.95263671875
-118.60253143310545, -743.060791015625, 2271.634521484375
-117.96022796630862, -738.6221923828124, 2274.258056640625
-118.86647033691403, -737.802490234375, 2275.169677734375
-120.05790710449217, -736.90869140625, 2274.369140625
-120.4730453491211, -733.8638916015625, 2272.453857421875
-118.94456481933597, -732.9034423828125, 2273.410400390625
-116.58306884765624, -733.2053222656251, 2277.261474609375
-114.42486572265625, -728.3243408203125, 2279.4936523437505
-104.35685729980467, -721.2879638671876, 2280.0927734375005
-100.44827270507812, -715.3536376953124, 2277.521728515625
-97.60714721679686, -707.3900146484375, 2276.2421875
-95.92353820800781, -706.5250244140624, 2276.6584472656245
-95.4507369995117, -707.1469726562501, 2277.071533203126
-94.48983764648436, -707.3322143554685, 2276.2858886718745
-95.06886291503905, -711.1535034179688, 2274.82958984375
-94.43827056884767, -714.9114990234374, 2272.495361328125
-94.7511672973633, -718.0514526367188, 2270.894775390625
-94.39522552490236, -719.6547851562501, 2268.5524902343755
-95.15303802490233, -726.2562255859373, 2263.28564453125
-96.71925354003908, -731.9895019531251, 2257.7084960937495
-96.67784118652341, -735.23291015625, 2253.787841796874
-97.46590423583984, -737.5706787109375, 2252.68505859375
-98.15305328369139, -738.9263916015625, 2251.48779296875
-97.99161529541018, -739.21240234375, 2250.25146484375
-97.76743316650389, -739.8267822265626, 2249.974853515625
-97.99990844726562, -739.7467041015625, 2249.847900390625
-98.02091217041014, -740.0670166015624, 2249.28564453125
-108.3051300048828, -744.2772827148438, 2256.392822265625
-112.54200744628905, -745.3756103515625, 2260.4248046875
-115.14070129394531, -746.5558471679688, 2263.3454589843755
-115.70003509521484, -747.0560302734375, 2265.2934570312505
-115.95287322998047, -746.325439453125, 2267.4233398437505
-119.16954040527345, -747.743896484375, 2263.927978515625
-117.94376373291017, -747.2503662109375, 2264.5539550781255
-119.44630432128906, -748.68701171875, 2264.911376953126
-119.15026092529298, -747.8238525390626, 2265.768310546875
-118.56243896484375, -748.3182373046875, 2267.855712890626
-116.63383483886717, -747.88525390625, 2267.4863281249995
-116.73716735839845, -747.1243896484376, 2268.3796386718755
-117.35670471191405, -747.4664306640625, 2268.833740234376
-116.22570800781249, -748.2083740234376, 2270.0327148437505
-116.38742065429689, -748.8474121093749, 2270.405517578126
-115.24255371093751, -748.876708984375, 2270.1962890624995
-115.65528869628903, -749.0777587890625, 2271.012939453125
-116.23868560791017, -749.257568359375, 2271.2612304687495
-116.27591705322264, -749.4791870117188, 2273.2089843749995
-117.28424072265625, -749.3252563476562, 2272.5788574218745
-118.74018859863281, -749.7839355468753, 2271.386474609375
-105.74131011962889, -736.191650390625, 2277.3552246093755
-100.42726898193362, -732.5528564453124, 2276.36962890625
-96.53425598144534, -731.7640380859374, 2274.0139160156255
-96.61784362792969, -729.1922607421875, 2276.669921875
-94.8940658569336, -724.5164794921875, 2279.5678710937495
-95.34590911865233, -724.6237792968752, 2280.8247070312505
-94.97409057617188, -721.31494140625, 2282.002197265625
-96.318229675293, -720.2102050781251, 2281.479248046875
-98.89708709716797, -726.6326904296875, 2273.7172851562495
-100.29758453369139, -736.6773681640625, 2264.403564453125
-113.82563781738278, -753.465576171875, 2260.519287109375
-118.79615783691405, -757.8888549804688, 2259.3872070312505
-122.61513519287108, -765.9532470703125, 2259.4125976562505
-123.18962860107422, -758.2952880859374, 2267.166259765624
-124.03588104248044, -755.5751953125, 2269.9992675781255
-124.838752746582, -755.63232421875, 2269.4724121093755
-125.34751892089845, -756.6690673828124, 2268.3771972656255
-124.91668701171876, -756.3289794921875, 2267.9831542968755
-115.04658508300783, -750.141845703125, 2289.4196777343755
-104.28040313720703, -711.3101806640625, 2317.2241210937495
-94.82318878173828, -678.6719970703126, 2341.5383300781255
-88.84016418457033, -660.880615234375, 2357.0195312500005
-87.1807174682617, -651.7325439453125, 2367.783935546875
-87.63863372802734, -658.7869262695314, 2358.6940917968745
-88.84217834472653, -662.8304443359374, 2350.730224609375
-91.84793090820312, -664.1643066406251, 2347.612060546875
-91.94811248779298, -665.7391357421876, 2344.935546875001
-93.33789062500001, -665.6874389648439, 2346.0954589843755
-94.68998718261717, -665.9942626953124, 2343.054443359375
-95.13645935058592, -664.4005126953124, 2345.79443359375
-95.9827346801758, -663.3450317382812, 2348.0278320312505
-98.11544036865233, -663.86328125, 2347.61767578125
-98.48292541503906, -663.7840576171877, 2347.5678710937495
-98.17903137207028, -663.6868286132812, 2347.7453613281245
-96.44524383544922, -663.3739013671877, 2347.959228515625
-97.67566680908202, -662.828857421875, 2348.0561523437505
-98.26315307617189, -664.7078857421876, 2347.8984375000005
-98.47467041015625, -662.3602294921873, 2347.94580078125
-99.6659164428711, -661.8366699218749, 2343.6274414062495
-100.21356201171876, -661.0826416015625, 2341.360595703125
-100.59547424316405, -659.6448364257812, 2340.522216796875
-100.1617965698242, -657.9778442382814, 2339.134521484375
-98.43904876708983, -655.057861328125, 2342.0200195312505
-96.63008880615232, -645.8756103515625, 2354.859130859376
-93.24549102783203, -641.7513427734375, 2365.407470703125
-94.5604248046875, -641.6663818359374, 2369.304931640625
-95.36067962646483, -641.8457031249999, 2370.41162109375
-94.3922119140625, -640.021728515625, 2373.7207031249995
-92.40624237060547, -636.6522216796875, 2377.855957031251
-91.37884521484374, -633.1716918945311, 2382.0617675781255
-93.74591827392578, -648.0050048828124, 2366.931640625
-93.89682006835939, -657.9476318359373, 2355.263427734375
-94.17650604248044, -661.9407958984374, 2347.6076660156245
-94.66876983642575, -663.9373779296876, 2345.2172851562495
-94.51705932617189, -665.6263427734375, 2343.674560546875
-94.30100250244138, -666.6500244140624, 2341.6687011718745
-94.53855133056638, -665.9794921875, 2342.490478515625
-95.00547790527344, -665.4566650390624, 2341.941650390625
-94.97716522216798, -665.2449951171876, 2343.2292480468745
-93.38705444335939, -666.7324218749999, 2347.3896484375
-93.2490463256836, -668.9227294921874, 2351.640869140624
-92.94152069091801, -668.4852294921874, 2351.8395996093755
-92.50402832031251, -669.1724853515626, 2355.6025390625
-92.32227325439452, -670.8861083984374, 2350.82373046875
-92.18881988525389, -670.3848266601564, 2353.303710937501
-91.43853759765624, -670.8416748046874, 2349.955078125
-90.10456085205077, -665.7213134765626, 2352.5822753906245
-90.53231811523436, -662.1832275390626, 2357.5881347656245
-89.51920318603517, -652.3460693359373, 2359.063720703125
-90.27826690673828, -645.506103515625, 2362.653564453125
-90.81739807128905, -655.7515869140625, 2351.326904296875
-91.49095916748047, -659.9666748046874, 2346.9807128906255
-91.39909362792969, -658.8515624999999, 2344.7072753906245
-94.44837951660153, -660.8487548828124, 2341.345703125
-94.9768600463867, -660.2158203125, 2341.9655761718755
-99.29699707031251, -664.1608886718751, 2338.98486328125
-97.3394317626953, -658.8144531249999, 2339.38671875
-97.30363464355467, -659.269287109375, 2337.9919433593755
-106.34251403808594, -682.5828857421876, 2321.9079589843755
-112.67327880859372, -699.0445556640625, 2311.5783691406245
-116.88273620605464, -709.618896484375, 2302.4216308593755
-119.43336486816406, -715.0539550781251, 2296.215087890625
-116.00868225097655, -718.1906738281251, 2291.7968749999995
-115.85050964355467, -721.2297363281252, 2289.60986328125
-114.06384277343749, -714.8450927734374, 2291.575439453125
-111.9269256591797, -711.619140625, 2293.334228515625
-113.27214050292966, -716.7687988281251, 2292.7004394531245
-105.1796646118164, -710.4392089843749, 2290.9096679687495
-100.90577697753903, -705.8296508789061, 2285.4702148437505
-98.61033630371092, -705.209228515625, 2282.435546875001
-97.24311828613283, -709.7243652343751, 2273.79833984375
-97.03378295898436, -711.6887207031251, 2269.726318359375
-98.66107177734375, -715.2136230468751, 2265.232421875
-97.19632720947266, -717.7189941406251, 2262.8544921875005
-94.99895477294922, -716.2938232421877, 2264.542236328125
-95.94422912597659, -717.9884033203126, 2265.1940917968745
-97.58654785156249, -719.3953857421876, 2264.382568359375
-98.27632904052734, -719.6444091796876, 2263.7192382812505
-98.13227081298825, -720.1199951171876, 2264.321044921875
-97.94020843505861, -719.40869140625, 2263.791015625
-94.85968780517578, -717.8116455078125, 2263.9921875000005
-95.56995391845703, -719.5144042968751, 2264.0590820312505
-94.4306106567383, -718.3079833984374, 2263.1037597656245
-93.04167938232422, -717.91650390625, 2262.589599609375
-94.45094299316405, -718.9782104492188, 2264.919189453125
-94.20320892333984, -718.6617431640625, 2265.256103515625
-94.04459381103517, -719.559814453125, 2265.4519042968755
-97.45157623291016, -720.3520507812498, 2266.2304687499995
-97.96541595458983, -721.98095703125, 2265.0678710937495
-96.70776367187503, -726.7965087890625, 2262.0634765625005
-96.78681945800783, -727.735107421875, 2262.598876953125
-96.44561767578126, -725.850341796875, 2264.6760253906245
-95.59095001220703, -726.534912109375, 2266.2033691406245
-95.60914611816403, -719.9383544921875, 2271.303466796875
-95.13662719726561, -714.3143920898438, 2273.962646484375
-95.48719024658203, -713.0599365234375, 2274.56640625
-96.12995147705077, -714.4008789062501, 2274.026123046875
-97.64099884033203, -723.4344482421876, 2270.58203125
-98.35979461669919, -724.8133544921875, 2266.93603515625
-100.73778533935547, -729.0592041015624, 2264.0329589843755
-101.46242523193361, -731.2611083984374, 2264.3063964843755
-114.05829620361328, -745.0963745117189, 2259.25
-119.05947113037108, -752.1474609375, 2258.370361328125
-121.76570892333983, -756.6433105468752, 2258.4787597656245
-123.35873413085935, -754.4404296874999, 2262.489501953125
-124.69216918945311, -759.1173706054688, 2259.0727539062505
-123.43505096435548, -759.9544677734374, 2259.7399902343755
-124.04268646240234, -762.2507324218751, 2257.8901367187505
-123.6527404785156, -759.1845703125001, 2258.8720703125005
-114.66847991943358, -748.0806884765626, 2283.318603515625
-118.17677307128903, -741.9355468749999, 2279.5798339843755
-120.67784118652341, -739.3916015625, 2276.9633789062505
-123.44163513183595, -748.7725830078126, 2268.833740234376
-123.29542541503906, -754.4580078124999, 2265.6616210937495
-123.25466156005861, -753.4555664062499, 2260.8056640625
-122.91117095947267, -752.8006591796875, 2259.584716796875
-122.69070434570311, -752.7463989257812, 2259.4882812499995
-121.7984848022461, -750.8388671874999, 2260.195312500001
-111.54993438720705, -706.2021484375, 2295.5686035156245
-104.15790557861328, -673.0222167968749, 2326.9343261718755
-101.30864715576169, -668.7264404296876, 2332.55859375
-101.20935821533203, -667.4826660156249, 2334.41162109375
-100.6986618041992, -664.4914550781251, 2337.793701171875
-100.97533416748044, -663.7418823242188, 2334.38818359375
-101.17042541503905, -662.21630859375, 2335.98583984375
-100.88831329345702, -661.5379638671875, 2333.1054687499995
-100.48928833007811, -662.8666992187499, 2327.4677734375005
-98.41935729980469, -659.4761962890625, 2335.8317871093755
-97.17427062988281, -656.5218505859374, 2344.143798828125
-95.35434722900389, -650.6815795898439, 2353.1577148437505
-92.2780990600586, -644.9921875, 2359.913330078126
-88.7688751220703, -640.7664184570312, 2366.2495117187495
-86.94508361816406, -639.7233886718752, 2369.201904296875
-98.52914428710939, -654.4744873046876, 2355.2487792968745
-107.8442840576172, -675.5262451171875, 2336.698974609375
-99.10352325439453, -663.7984619140626, 2342.5139160156255
-93.44103240966798, -655.7231445312501, 2346.3630371093755
-90.77720642089845, -648.3070068359373, 2348.9963378906255
-87.96524047851562, -640.4580078124999, 2352.92626953125
-86.50920867919922, -634.1622314453124, 2355.28759765625
-87.47606658935548, -629.8442382812499, 2358.490966796875
-89.18048858642575, -629.617919921875, 2359.23974609375
-88.71676635742186, -629.8585205078125, 2359.0371093750005
-88.30923461914062, -629.220703125, 2358.6252441406245
-88.6988067626953, -630.8116455078125, 2354.922119140625
-90.17216491699217, -634.1292724609375, 2351.392578125
-91.15594482421875, -651.876708984375, 2343.45263671875
-91.95190429687501, -661.6492919921875, 2340.2424316406245
-93.4808578491211, -666.9472656249998, 2337.5686035156245
-93.82459259033203, -668.2171630859373, 2336.349853515625
-94.82658386230467, -670.1763916015626, 2334.42626953125
-95.92386627197267, -670.1434936523439, 2333.306884765624
-95.59774780273436, -669.9787597656251, 2330.71630859375
-97.17583465576169, -671.1781005859375, 2329.18408203125
-97.20445251464844, -670.05908203125, 2327.54443359375
-98.82877349853514, -669.8673095703125, 2327.6284179687495
-99.4435043334961, -672.1280517578126, 2326.55078125
-99.09401702880861, -670.5826416015625, 2325.751220703125
-97.55275726318358, -668.6707763671878, 2327.2109375000005
-112.7695541381836, -693.2003173828125, 2306.916748046875
-119.09619903564453, -705.9405517578125, 2294.2734375000005
-122.8019790649414, -716.1810302734376, 2286.0134277343755
-124.0391616821289, -729.4787597656251, 2276.117919921875
-124.2254867553711, -738.1497802734376, 2270.2041015625
-122.8720779418945, -736.3430175781251, 2270.9335937500005
-122.46526336669922, -733.7186279296876, 2270.7167968750005
-119.7674789428711, -732.2591552734375, 2275.64306640625
-108.45089721679686, -729.7850341796877, 2275.52490234375
-102.60603332519531, -722.0535888671876, 2276.1921386718755
-99.54215240478516, -721.5922241210936, 2274.5251464843755
-97.89030456542967, -723.6290283203125, 2273.888671875
-108.83797454833984, -728.8818359375001, 2271.3161621093755
-114.2755661010742, -738.6445312500001, 2267.9655761718755
-117.75398254394531, -744.1342163085938, 2266.8071289062505
-118.86109161376952, -749.2572021484374, 2261.549560546875
-120.2941131591797, -762.091552734375, 2254.675048828125
-121.07846832275386, -768.0417480468751, 2250.8247070312505
-121.9931106567383, -769.3635253906249, 2249.770751953125
-122.06796264648438, -770.48486328125, 2250.094970703125
-122.3602066040039, -769.5989990234375, 2248.8857421875005
-123.35027313232419, -769.9633789062501, 2248.6855468750005
-124.4225082397461, -770.6466064453124, 2245.8066406249995
-124.26380157470703, -770.1378173828124, 2244.183837890625
-123.81706237792967, -770.6776123046875, 2243.7080078125
-123.87769317626952, -776.3704833984375, 2241.332275390625
-123.19847869873045, -771.4997558593751, 2246.5136718750005
-123.17999267578124, -771.5725708007812, 2245.08056640625
-124.8401565551758, -781.9454345703126, 2235.93310546875
-125.69433593749999, -786.806884765625, 2233.13916015625
-125.59004974365234, -789.7349853515626, 2231.000732421875
-126.5895309448242, -788.876708984375, 2224.449951171875
-125.83475494384767, -788.8865966796876, 2225.671875
-126.1748046875, -789.0577392578126, 2226.044677734375
-125.06339263916016, -789.9488525390626, 2225.7399902343755
-125.20843505859374, -790.972412109375, 2226.4333496093755
-124.92020416259766, -790.3756103515625, 2226.4248046875
-124.48348236083983, -789.0400390625, 2226.4680175781255
-124.42218780517578, -788.1203613281251, 2225.7487792968745
-125.04131317138672, -788.1298828125, 2225.9057617187495
-124.11054229736328, -786.1364746093751, 2230.5878906249995
-123.44410705566406, -782.0626831054685, 2233.4152832031255
-122.28886413574219, -774.755615234375, 2237.9128417968745
-122.1445541381836, -774.6571044921874, 2240.964599609375
-121.76046752929689, -774.9698486328125, 2238.8090820312505
-121.81546783447264, -775.525634765625, 2238.8435058593755
-122.19493103027344, -769.6262207031249, 2241.33544921875
-122.41174316406251, -766.1838989257814, 2242.9509277343755
-120.97795867919922, -759.5947265625001, 2250.940673828125
-118.34610748291017, -759.5029296874999, 2274.4414062500005
-117.33060455322266, -750.23681640625, 2290.4936523437505
-117.53323364257812, -745.6019287109374, 2299.4892578125005
-117.86226654052734, -751.2825927734375, 2298.438720703125
-114.4502182006836, -736.1547851562501, 2303.692626953125
-113.24587249755858, -708.2307739257814, 2314.510986328125
-110.77181243896483, -689.5886230468751, 2322.64599609375
-109.36029815673827, -678.3563232421875, 2331.7331542968755
-107.50141143798828, -674.48486328125, 2337.9301757812505
-104.36952972412111, -671.0654296874999, 2339.215332031251
-102.60999298095703, -668.5010986328125, 2339.4013671875005
-100.1635055541992, -664.8646240234373, 2343.1142578125005
-99.16584014892577, -660.7885742187502, 2345.3901367187505
-97.16860198974611, -655.4356689453124, 2349.843994140625
-94.48297119140624, -649.8113403320312, 2355.4130859375005
-96.77228546142578, -660.54150390625, 2351.436279296875
-97.34867095947266, -663.2801513671877, 2348.635986328125
-97.78020477294922, -661.2432861328125, 2348.64697265625
-99.19881439208982, -664.9598999023438, 2344.73486328125
-100.86018371582031, -666.6334228515625, 2342.8750000000005
-103.43117523193361, -667.0555419921875, 2345.3420410156245
-105.46910858154298, -667.7108154296876, 2346.351318359376
-106.21842193603516, -668.6791381835938, 2347.7180175781255
-106.62496948242188, -670.2897949218752, 2346.5634765625005
-107.22447967529298, -671.3242187499999, 2345.2663574218745
-107.67697906494139, -668.3038330078126, 2346.1943359375005
-107.59134674072266, -668.0808105468752, 2345.60009765625
-107.9842300415039, -669.0968017578126, 2350.2392578125005
-106.62910461425781, -668.5758666992188, 2349.883544921875
-106.68701171874999, -668.6942138671876, 2349.6230468750005
-105.82411956787111, -669.1779785156251, 2347.7321777343755
-105.22208404541016, -667.5688476562501, 2347.3508300781255
-105.08339691162108, -664.8546142578125, 2347.4902343750005
-103.41091918945312, -666.6572875976562, 2346.550048828125
-102.2594223022461, -669.6781616210939, 2346.2331542968755
-101.66215515136719, -670.311279296875, 2343.370117187501
-102.06722259521486, -670.5311279296875, 2341.410400390625
-101.24225616455078, -669.509765625, 2339.9726562500005
-101.7116165161133, -669.3383789062501, 2340.0131835937505
-101.86357879638669, -669.2244873046876, 2338.1848144531245
-102.38124084472655, -668.5286254882811, 2337.33935546875
-102.83816528320312, -668.09619140625, 2336.3071289062505
-103.16463470458983, -671.464111328125, 2335.764892578125
-102.3491134643555, -674.7508544921875, 2331.353759765625
-101.41037750244138, -673.5227050781251, 2334.652099609375
-101.2117919921875, -674.6890869140626, 2335.3610839843755
-101.45774078369139, -675.1289062500001, 2335.7697753906245
-101.2575454711914, -672.2183837890626, 2336.72705078125
-102.83740234374999, -672.0714111328125, 2335.640869140624
-102.99110412597658, -669.9355468749999, 2334.4743652343755
-103.05562591552734, -670.1561279296875, 2333.8320312500005
-103.65223693847653, -670.1577148437499, 2335.4677734375005
-103.8015365600586, -671.3276367187499, 2335.8806152343755
-104.64376831054686, -673.2840576171877, 2333.970703125
-103.40722656250001, -668.61083984375, 2336.65234375
-110.82627868652342, -694.0876464843749, 2325.249755859375
-116.5736618041992, -707.5684814453125, 2309.10009765625
-120.87915039062499, -719.01123046875, 2298.554443359375
-122.51800537109375, -726.1561279296875, 2290.36962890625
-122.4268341064453, -728.9130859375001, 2286.451171875001
-123.40085601806639, -734.3447265625, 2279.0085449218745
-122.91625213623047, -736.1845703125001, 2277.635498046875
-117.48500061035155, -731.0384521484375, 2289.255859375
-119.36400604248045, -730.4560546874999, 2291.0024414062495
-117.40898132324219, -734.061279296875, 2290.1276855468745
-117.15729522705078, -734.7965087890625, 2285.1491699218745
-116.08841705322264, -729.5843505859375, 2291.287353515625
-116.21615600585939, -725.5318603515625, 2290.7517089843755
-109.54916381835939, -724.2888183593752, 2293.1811523437505
-112.84432983398438, -723.86328125, 2294.1059570312505
-114.05489349365234, -722.9417724609375, 2294.814697265625
-111.38941192626952, -716.8912353515625, 2292.3437500000005
-110.86984252929688, -713.7735595703127, 2293.81884765625
-112.76766204833986, -719.4085693359374, 2291.977294921875
-115.69768524169922, -727.8223876953124, 2283.6298828125
-117.29844665527345, -737.4022216796875, 2274.71240234375
-118.45132446289062, -742.9520263671875, 2269.23876953125
-119.41922760009768, -752.3109130859373, 2263.007080078125
-120.14209747314452, -755.7816162109375, 2258.99853515625
-120.2269287109375, -759.9771118164061, 2256.595947265625
-120.2330551147461, -767.0340576171876, 2252.6831054687495
-121.26262664794923, -769.9879150390625, 2248.526855468749
-121.3952102661133, -778.318603515625, 2243.2431640625
-122.60551452636719, -784.4927978515625, 2234.748046875
-123.28731536865234, -788.5987548828125, 2231.884521484375
-122.98238372802734, -789.8026123046874, 2228.896728515625
-123.08467102050781, -789.7950439453126, 2229.47216796875
-122.91603851318358, -790.887939453125, 2228.2817382812505
-123.78427124023439, -789.9843750000001, 2228.495361328125
-124.41229248046876, -792.7987060546877, 2227.7197265625005
-124.25715637207031, -792.5054931640625, 2227.57421875
-124.4490432739258, -792.2413330078126, 2226.4819335937505
-124.3267135620117, -792.1907958984375, 2226.077880859375
-123.93539428710939, -791.5903320312501, 2225.713623046875
-124.6538925170898, -792.2330322265627, 2224.2229003906245
-123.19686126708983, -786.6848144531251, 2229.218261718749
-123.58837890624997, -784.2993164062501, 2232.0913085937505
-122.92777252197266, -783.3456420898436, 2233.229736328125
-122.8438949584961, -782.8756103515625, 2235
-124.18510437011719, -784.6190185546876, 2233.1501464843755
-123.78334808349608, -783.1239013671877, 2234.478515625
-123.77826690673828, -781.4869384765626, 2236.6130371093755
-122.22433471679686, -773.2102661132811, 2241.7792968750005
-121.11017608642577, -770.1334228515625, 2245.4724121093755
-119.82711029052734, -750.5156249999999, 2258.1293945312505
-119.53055572509767, -741.4211425781251, 2265.141113281251
-118.47822570800783, -737.5811767578126, 2269.4177246093755
-119.73654174804689, -733.7318115234375, 2271.0363769531255
-123.54701232910156, -740.2580566406251, 2267.229980468749
-123.33837890624997, -746.7183837890626, 2265.0556640625
-124.6298599243164, -755.15185546875, 2259.040283203125
-125.96221923828126, -758.1319580078125, 2257.020751953125
-126.73227691650388, -755.4488525390626, 2259.4689941406245
-126.92756652832033, -754.7453613281251, 2260.576416015625
-126.58148193359374, -757.2648925781252, 2260.9040527343755
-124.89911651611328, -756.6383056640626, 2259.98486328125
-122.87907409667966, -755.1954345703127, 2261.823486328125
-121.91342926025392, -750.2987060546877, 2266.89794921875
-109.12026977539062, -713.3675537109373, 2299.992431640625
-103.0340576171875, -694.0600585937499, 2319.7968749999995
-99.8715362548828, -683.1397705078127, 2324.2265625
-98.12380218505858, -677.3223876953124, 2332.00341796875
-97.13211822509766, -671.3535156249999, 2336.418701171875
-96.75280761718749, -670.7344970703126, 2335.0849609375
-96.6703186035156, -670.0471191406249, 2334.2692871093745
-98.01029968261722, -670.2503662109375, 2334.1777343750005
-98.46929931640625, -668.4682617187499, 2337.1042480468745
-98.91233825683592, -668.3973388671876, 2334.7016601562495
-101.99007415771483, -663.8757324218751, 2335.9165039062505
-102.77326965332033, -663.0595703125, 2336.254638671875
-102.28410339355467, -659.813232421875, 2338.191650390625
-99.18737792968749, -646.2257080078126, 2350.1123046875005
-97.32612609863281, -640.2326660156249, 2353.409423828125
-97.59152221679688, -636.2271118164061, 2356.3981933593755
-97.82031249999999, -634.01025390625, 2358.1083984375
-100.17587280273433, -634.9693603515625, 2358.319091796875
-98.81514739990234, -634.1234130859374, 2355.94921875
-98.34627532958983, -636.2825927734375, 2355.223388671875
-98.79071044921878, -637.3635253906249, 2355.2363281249995
-99.65818023681638, -636.927490234375, 2353.9978027343755
-98.1613540649414, -632.021240234375, 2354.3395996093755
-96.91704559326172, -629.7034912109376, 2356.3366699218745
-95.24131774902345, -637.8753662109375, 2358.324951171875
-94.43434143066405, -637.0673828124999, 2361.3742675781255
-87.26033782958982, -632.3717041015625, 2372.2678222656245
-85.73173522949219, -631.15283203125, 2374.431152343751
-85.65730285644528, -633.6102294921874, 2374.699951171875
-86.39120483398438, -633.5889892578127, 2373.868896484375
-86.13920593261719, -632.2559814453125, 2374.4882812499995
-86.14530181884764, -635.9619140624999, 2373.868896484375
-85.75711059570312, -635.4671630859372, 2371.370117187501
-82.02119445800783, -628.8175048828123, 2381.2282714843745
-82.50963592529298, -624.8406982421875, 2384.76220703125
-84.3755416870117, -633.3050537109374, 2376.665283203125
-85.31999206542967, -634.3121337890624, 2373.2814941406245
-89.54042053222655, -639.7109985351564, 2369.0935058593755
-94.61983489990234, -651.6211547851561, 2356.2612304687495
-96.91748809814453, -652.1983642578127, 2356.552978515625
-98.61414337158203, -658.4896240234374, 2354.223388671875
-99.88731384277344, -664.6966552734375, 2347.721435546875
-100.18443298339844, -667.5972900390625, 2348.6137695312505
-100.77358245849608, -667.1409912109375, 2345.5605468750005
-100.36640930175781, -667.949951171875, 2343.32958984375
-100.06436920166017, -665.730224609375, 2344.8283691406245
-99.67903137207028, -663.7070312500001, 2345.661132812501
-99.1501770019531, -664.0643310546876, 2345.6914062500005
-99.52767944335939, -663.1976318359374, 2349.8227539062505
-101.06481933593751, -665.6738891601565, 2348.8630371093755
-102.12509918212888, -665.9788818359375, 2345.4692382812505
-103.734375, -668.111083984375, 2341.669677734375
-102.75012969970706, -667.1176757812499, 2342.3781738281255
-103.43621063232422, -665.6708984375001, 2338.0151367187505
-103.87162780761719, -664.021240234375, 2336.352294921875
-103.86968231201169, -666.1923828125, 2336.294921875
-105.10999298095703, -668.2271728515625, 2334.9465332031255
-106.29300689697266, -668.0965576171876, 2333.4970703125005
-107.98210906982422, -667.0650024414061, 2332.28955078125
-108.86547851562497, -668.7354736328126, 2330.67529296875
-117.6083297729492, -687.3266601562499, 2315.16552734375
-121.7007293701172, -703.7293701171877, 2301.3898925781255
-122.43160247802736, -715.8197021484375, 2289.830078125
-124.15181732177734, -727.4715576171876, 2278.563720703125
-123.74269866943361, -730.4869384765626, 2274.927001953125
-122.50180053710938, -728.01513671875, 2273.0100097656245
-122.26388549804689, -723.6258544921875, 2275.9042968750005
-122.35285186767577, -721.2537841796877, 2279.464111328125
-121.3065414428711, -722.399658203125, 2280.2075195312505
-119.74053192138672, -728.2136230468751, 2278.4140625000005
-117.22493743896483, -722.9627685546875, 2280.759521484375
-119.89225769042967, -725.2017822265627, 2279.495849609375
-118.85692596435548, -728.6839599609376, 2276.306884765624
-105.77946472167969, -722.3851318359374, 2272.980224609375
-101.89250946044922, -719.6220703125, 2270.9184570312505
-99.59769439697267, -720.455322265625, 2271.61474609375
-99.01846313476561, -720.1322021484374, 2268.5935058593755
-98.32442474365234, -726.1876831054686, 2262.9672851562495
-98.61608886718749, -727.5, 2260.1435546875005
-98.29537200927734, -736.46484375, 2255.2626953124995
-98.72191619873047, -740.7785644531251, 2249.425048828125
-98.92037200927734, -743.4160766601564, 2246.237548828125
-98.99955749511722, -744.595458984375, 2244.365966796875
-98.4450912475586, -746.6638183593751, 2245.40625
-100.92150878906251, -742.7353515625001, 2249.4448242187495
-99.97301483154297, -743.4599609375, 2248.6845703125
-99.84324645996095, -744.9935302734376, 2248.329345703125
-99.60772705078124, -744.981689453125, 2249.07568359375
-99.84244537353514, -744.9221191406249, 2247.7692871093745
-103.90213775634766, -743.8297119140625, 2248.521728515625
-101.54391479492189, -743.4903564453125, 2247.7065429687495
-99.87504577636717, -743.9471435546875, 2248.668212890625
-99.27989959716797, -745.25732421875, 2248.531982421875
-99.23899078369139, -745.5405273437499, 2248.786376953125
-99.75941467285155, -745.3177490234374, 2249.2119140625005
-98.6265106201172, -747.7940673828125, 2248.2641601562495
-97.22779846191406, -748.4913940429688, 2248.340087890625
-97.92222595214845, -747.6826171874999, 2249.8154296875005
-97.14527130126952, -748.28271484375, 2249.6640625
-97.49008941650389, -745.8875732421876, 2248.4384765625005
-98.25096893310547, -742.7574462890625, 2251.5329589843755
-98.68205261230466, -743.1190795898439, 2253.0634765625005
-98.51300048828126, -735.0626220703124, 2258.1059570312505
-97.71406555175783, -732.3579101562499, 2261.4833984375005
-97.69464111328124, -731.5980224609375, 2262.9726562500005
-97.2525405883789, -730.2108154296876, 2262.3195800781255
-97.65689086914061, -730.236083984375, 2262.845703125
-97.77781677246092, -728.9599609375, 2262.309814453125
-99.68847656249997, -727.3579101562499, 2262.2585449218745
-101.60691070556639, -724.2825927734375, 2262.3649902343755
-103.0361862182617, -727.7105712890626, 2258.456787109375
-102.05407714843749, -735.0236206054686, 2252.6669921875
-102.25109100341797, -740.0064697265625, 2250.3598632812505
-103.20942687988281, -747.0990600585939, 2246.317138671876
-103.71573638916016, -749.4248046875, 2246.477294921875
-105.33527374267578, -745.5739746093752, 2247.3693847656245
-105.42399597167969, -744.7138671875, 2250.3374023437505
-114.7778549194336, -752.0030517578126, 2251.1005859375
-119.9687805175781, -746.3760375976564, 2261.96142578125
-125.9234619140625, -746.2789916992189, 2264.3005371093755
-125.99666595458984, -745.3914794921875, 2264.4284667968745
-126.92470550537111, -750.65185546875, 2262.00341796875
-128.32637023925778, -753.964599609375, 2259.00341796875
-129.98855590820315, -755.9328002929686, 2256.655029296875
-128.02122497558597, -756.7287597656251, 2255.44921875
-117.35091400146483, -719.3809814453125, 2291.257568359375
-121.80826568603517, -707.6752929687501, 2300.89892578125
-114.03598785400388, -684.7930908203126, 2318.8344726562505
-107.14787292480467, -664.6470947265625, 2334.7424316406245
-103.25679016113281, -653.9669189453124, 2345.787841796874
-101.74256896972656, -647.328369140625, 2350.155029296875
-99.41472625732422, -640.1658935546876, 2355.048583984375
-99.00852203369138, -655.0471191406249, 2345.6152343750005
-100.51017761230467, -651.0078735351564, 2344.4082031249995
-101.34605407714845, -646.6176757812499, 2346.4184570312505
-101.5349349975586, -644.4299316406251, 2348.2526855468745
-101.98392486572267, -640.3488769531251, 2351.671142578126
-102.32741546630861, -638.1378173828124, 2351.974853515625
-101.85349273681638, -638.7489013671877, 2352.3535156250005
-102.2268600463867, -639.1262817382812, 2349.78564453125
-102.94082641601562, -640.4130859375001, 2347.182373046875
-102.24381256103517, -638.8626708984373, 2347.9548339843755
-102.23908996582033, -637.4487304687501, 2351.326904296875
-102.71041107177736, -641.70849609375, 2346.8408203125
-103.31332397460939, -642.2239990234375, 2344.9702148437505
-103.68171691894531, -645.5119628906249, 2342.5966796875
-104.66292572021484, -657.232177734375, 2336.60107421875
-105.87269592285153, -659.05419921875, 2332.49267578125
-105.26921844482422, -656.8683471679688, 2331.6708984375
-105.64224243164061, -654.6644287109374, 2332.860595703125
-105.84107971191406, -655.5806884765626, 2333.7167968750005
-105.52118682861328, -657.1390380859374, 2333.677978515625
-105.74905395507814, -659.621337890625, 2326.170166015625
-105.77339935302733, -660.484619140625, 2326.155029296875
-105.38391876220703, -660.5677490234374, 2326.9846191406245
-105.73363494873048, -657.41259765625, 2329.8771972656255
-105.15991973876952, -653.5119628906249, 2332.69921875
-104.86901092529298, -657.2630615234375, 2334.27587890625
-104.09983825683592, -657.567138671875, 2334.9604492187495
-103.52672576904298, -655.54541015625, 2334.5786132812505
-104.26112365722658, -650.9516601562499, 2336.737060546875
-104.83609771728514, -649.2788085937501, 2338.00830078125
-105.9138488769531, -650.140869140625, 2340.18798828125
-105.84934997558594, -649.2288818359375, 2340.589111328125
-106.39775085449217, -655.5801391601564, 2336.9333496093755
-106.86284637451169, -661.6094970703126, 2333.04833984375
-106.21998596191408, -664.8638305664064, 2330.7148437499995
-106.37916564941406, -664.3538208007811, 2329.3505859375005
-105.00564575195311, -662.8529663085936, 2329.9284667968745
-104.65239715576168, -659.3264160156249, 2331.460205078125
-104.50627136230467, -659.0728759765627, 2332.780761718749
-104.3199005126953, -658.7216796875, 2332.519287109375
-103.15543365478514, -654.8232421874999, 2335.32421875
-103.3823699951172, -654.9329833984374, 2334.496826171875
-103.94731903076172, -658.6591796875, 2333.43994140625
-104.32680511474608, -657.4423828124999, 2335.12890625
-103.75280761718749, -658.3121337890624, 2336.393554687501
-101.97580718994139, -658.9541015625, 2337.943603515625
-102.29913330078125, -657.9874267578125, 2336.833007812501
-102.98968505859375, -654.0849609375001, 2337.9484863281245
-103.48738098144533, -661.6148681640625, 2334.5263671875
-103.58296966552736, -661.18212890625, 2332.222412109375
-101.40421295166017, -659.2490234375, 2334.12548828125
-100.6556930541992, -660.5062255859373, 2335.561279296875
-100.37821960449219, -662.1512451171875, 2336.496826171875
-100.19318389892578, -663.4898681640625, 2335.98583984375
-101.67623901367186, -663.5396118164061, 2336.8339843750005
-101.01158905029298, -664.2390747070314, 2339.9726562500005
-98.63763427734376, -657.4017333984375, 2345.204833984375
-97.1625518798828, -650.4254150390625, 2349.3913574218755
-100.04563140869139, -660.5944824218751, 2340.095703125
-101.89716339111331, -660.7811279296876, 2336.6071777343755
-104.3490676879883, -665.9826660156249, 2329.2795410156245
-106.53977966308594, -665.3831787109375, 2325.363525390625
-108.74282836914062, -664.7999267578126, 2322.44921875
-111.8695373535156, -665.9332275390625, 2322.80224609375
-113.58543395996094, -671.0937500000001, 2317.66357421875
-117.26683807373045, -666.8209228515624, 2321.167480468749
-118.48648834228514, -666.6862182617188, 2325.00830078125
-116.85926055908203, -666.9396362304688, 2325.3974609375005
-119.06597137451169, -663.8729248046874, 2328.690185546875
-119.81282806396483, -639.7456665039061, 2328.893554687501
-119.5815658569336, -617.800048828125, 2344.1716308593755
-120.12088012695308, -601.649658203125, 2350.9660644531245
-120.2589340209961, -592.7290039062501, 2360.636474609375
-122.06858825683592, -590.3153076171876, 2360.250732421875
-123.6508865356445, -619.4464111328124, 2338.25341796875
-129.61482238769534, -653.5562744140624, 2307.7121582031255
