1,-367.7518920898438,-483.8374938964844,2575.9184570312505
10,-369.9659423828125,-538.3770751953124,2560.4902343750005
100,-513.0778808593751,272.1734924316406,2397.04541015625
1000,-225.1036071777344,239.17732238769537,2365.553710937501
1001,-222.19601440429688,238.43833923339844,2366.234375
1002,-218.9335479736328,236.47140502929688,2367.97802734375
1003,-214.31365966796872,234.68402099609378,2364.0627441406245
1004,-49.71243286132813,184.36477661132812,2395.8693847656245
1005,-46.474945068359375,177.38981628417972,2394.930419921875
1006,-44.807937622070305,173.61721801757815,2392.9440917968745
1007,-41.22872924804689,168.08367919921872,2392.721923828125
1008,-30.7166748046875,166.60060119628903,2401.535400390625
1009,-21.85354614257812,168.54927062988273,2413.527099609375
101,-507.80010986328125,268.655242919922,2400.92822265625
1010,-19.351547241210934,176.41845703125,2420.5283203125
1011,-16.33688354492187,181.54232788085943,2423.4885253906245
1012,-15.923446655273441,183.887435913086,2423.6137695312505
1013,-179.99124145507818,219.20214843750003,2343.0893554687495
1014,-192.08004760742193,222.0633850097656,2340.4973144531255
1015,-202.1528472900391,225.17187499999997,2338.8447265625005
1016,-212.83261108398443,230.75164794921878,2340.9128417968745
1017,-222.75421142578125,233.11761474609375,2333.266845703124
1018,-233.55169677734378,231.89147949218753,2330.2253417968745
1019,-242.8483428955078,232.6561431884766,2327.5935058593755
102,-498.2063903808594,268.53662109375006,2400.7629394531245
1020,-251.55047607421878,232.28967285156247,2326.58447265625
1021,-417.7757873535156,259.1492919921875,2314.634521484375
1022,-425.1696166992188,258.4707641601563,2313.205810546875
1023,-435.08511352539057,260.8987426757813,2314.664306640625
1024,-449.1028137207032,260.8504638671875,2314.723876953125
1025,-458.41510009765625,259.8673095703125,2313.9013671875005
1026,-467.480224609375,262.06246948242193,2311.572998046875
1027,-477.0398864746094,269.5745239257813,2313.362060546875
1028,-485.43066406249994,278.09884643554693,2312.0441894531245
1029,-705.6280517578126,275.3989868164063,2253.167724609375
103,-493.341064453125,268.6329956054688,2400.935791015625
1030,-714.8004150390625,265.2215270996093,2251.7104492187495
1031,-717.91845703125,259.0485229492187,2247.8781738281255
1032,-727.3890991210938,255.5849609375,2244.66357421875
1033,-737.50927734375,252.4476013183594,2241.639404296875
1034,-746.1629638671875,249.07382202148438,2241.992919921875
1035,-751.0763549804688,245.54997253417966,2239.1064453124995
1036,-754.159423828125,243.97990417480466,2238.670166015625
1037,-444.4513854980469,293.8148803710938,2319.6110839843755
1038,-432.4524536132813,291.03143310546875,2322.5698242187495
1039,-421.6378479003906,291.2085266113281,2322.3945312500005
104,-343.8678283691407,227.4854736328125,2387.08349609375
1040,-404.9601440429687,290.0594177246094,2323.677978515625
1041,-392.03656005859364,280.3948974609375,2327.302978515625
1042,-380.7181091308594,271.1960144042968,2327.8671875000005
1043,-366.13879394531244,268.189422607422,2323.708740234375
1044,-355.0335693359375,264.84048461914074,2322.1542968750005
1045,-154.84323120117185,237.5373992919922,2370.7678222656245
1046,-142.65203857421878,232.52565002441403,2370.486083984375
1047,-133.57183837890628,228.0921325683594,2375.4514160156255
1048,-118.46308898925783,220.48165893554688,2375.331054687501
1049,-108.14382934570312,222.806640625,2377.191650390625
105,-334.58288574218744,225.46124267578128,2384.3500976562505
1050,-97.2532958984375,223.0054473876954,2384.199462890625
1051,-88.54704284667967,214.46025085449222,2387.2246093749995
1052,-84.01204681396482,209.58102416992188,2386.925048828125
1053,-241.75239562988276,-488.21514892578125,2284.6423339843755
1054,-243.8858642578125,-485.4211120605468,2284.097900390625
1055,-247.23361206054682,-484.88449096679693,2277.3725585937505
1056,-250.62469482421872,-484.0626525878906,2274.319335937501
1057,-258.2427978515625,-479.3135986328125,2276.2116699218745
1058,-266.4978942871093,-477.63946533203136,2274.7968749999995
1059,-272.79318237304693,-478.3042907714844,2273.7333984375005
106,-327.0258178710937,228.5827331542969,2382.2543945312505
1060,-278.76513671874994,-482.42529296874994,2269.757568359375
1061,-166.0225067138672,-443.82464599609375,2098.8847656249995
1062,-157.87585449218747,-439.4842224121093,2088.886962890625
1063,-145.30712890625003,-430.07940673828125,2081.5644531249995
1064,-135.38079833984378,-422.0325317382812,2070.7834472656245
1065,-125.7725372314453,-416.5477905273438,2059.3986816406245
1066,-116.14838409423828,-410.27099609375006,2048.2888183593745
1067,-108.24019622802736,-407.67837524414057,2034.909423828125
1068,-98.4822006225586,-403.3922119140625,2021.4465332031252
1069,99.835578918457,-407.6140747070313,1655.762451171875
107,-326.1518859863282,227.85513305664065,2385.0607910156245
1070,107.70880126953125,-374.0600280761719,1630.117431640625
1071,126.0820846557617,-347.00207519531256,1581.3652343749998
1072,154.1092376708984,-338.66418457031256,1509.9962158203125
1073,178.96946716308594,-338.0584411621094,1452.18505859375
1074,200.65875244140625,-331.473175048828,1404.4864501953125
1075,367.6699523925781,-253.0766906738281,1073.8763427734373
1076,372.84942626953136,-253.68826293945315,1050.17236328125
1077,377.09539794921864,-284.69885253906256,1009.75732421875
1078,383.26422119140636,-308.97943115234375,958.5883789062502
1079,398.8875427246094,-333.1025695800781,904.7714233398439
108,-326.47134399414057,226.75411987304688,2388.4765625000005
1080,417.56671142578125,-354.21624755859364,859.83544921875
1081,433.7545776367188,-375.4523315429687,821.915771484375
1082,445.3789672851563,-392.8351440429687,786.1259765625001
109,-318.8228759765625,225.40959167480466,2388.6984863281245
11,-372.91607666015625,-541.2916870117188,2562.939697265625
110,-312.0895385742187,224.8578491210938,2380.266845703124
111,-301.8636169433594,224.9426116943359,2380.3806152343755
112,-219.67828369140622,197.53727722167972,2388.0712890625
113,-216.91632080078128,199.55740356445315,2392.1691894531245
114,-215.4833374023438,200.77990722656244,2393.753662109375
115,-214.6895599365234,201.36779785156253,2393.3205566406255
116,-216.1814727783203,203.05168151855472,2392.8383789062505
117,-211.8708953857422,199.22528076171872,2391.7687988281245
118,-209.6424255371094,195.97656249999997,2392.3930664062505
119,-204.4884948730469,193.81109619140625,2395.026123046875
12,-366.22866821289057,-524.750244140625,2568.0307617187495
120,-137.23498535156247,168.35061645507818,2410.8012695312505
121,-132.67947387695312,171.21261596679685,2416.2805175781255
122,-140.1253509521484,174.34500122070312,2418.714599609375
123,-138.5854949951172,179.21890258789062,2425.0556640625
124,-130.88360595703128,177.8328857421875,2422.1586914062495
125,-129.0571441650391,177.0946350097656,2421.8916015625005
126,-136.22644042968753,174.5844421386719,2412.64990234375
127,-143.1972351074219,172.29222106933594,2414.955078125
128,-307.0163269042968,201.67930603027344,2387.0375976562505
129,-314.4963378906249,201.4937438964844,2389.5954589843755
13,-370.7943115234375,-540.9006958007811,2568.47412109375
130,-321.176055908203,203.83996582031247,2386.3420410156245
131,-325.8890686035157,205.02117919921875,2385.9643554687495
132,-331.6739196777344,203.14186096191403,2384.3095703125005
133,-339.51159667968744,202.30212402343753,2386.812744140625
134,-346.6639099121093,202.06326293945312,2387.085693359375
135,-350.5576477050781,201.36972045898443,2385.5954589843755
136,-506.2302856445313,236.74870300292972,2386.1447753906245
137,-510.0330505371093,234.00326538085938,2383.3442382812505
138,-515.0510253906249,232.55241394042977,2383.9743652343755
139,-523.5260009765626,234.80935668945315,2383.63232421875
14,-372.6463928222656,-534.2611083984374,2576.7670898437495
140,-528.2738037109376,237.19311523437494,2382.637451171875
141,-535.9719848632812,234.86744689941412,2381.6252441406245
142,-543.0050048828124,232.96913146972656,2377.0236816406245
143,-550.2155761718751,232.95895385742193,2379.6586914062495
144,-689.8012695312499,265.69836425781244,2376.48876953125
145,-697.1943359375002,266.9755249023437,2375.9482421875
146,-701.3483886718751,268.2406616210938,2373.996826171875
147,-706.4855346679689,267.5751037597656,2375.14599609375
148,-709.0079345703126,267.2321166992187,2375.2666015624995
149,-718.0687255859374,268.44107055664057,2374.960205078125
15,-377.5505676269532,-527.876708984375,2585.72265625
150,-723.6781616210939,270.2462158203125,2373.458251953125
151,-798.0998535156251,242.08908081054688,2365.287841796874
152,-792.6736450195314,249.23158264160153,2361.489501953125
153,-789.1298217773439,252.76603698730474,2357.3356933593755
154,-786.0508422851562,254.5972900390625,2355.78271484375
155,-783.3590087890624,255.31687927246094,2363.7641601562495
156,-779.6729736328126,257.8785095214843,2367.6687011718745
157,-776.8790893554688,259.47583007812494,2370.962646484375
158,-771.9878540039061,258.1329956054688,2374.8388671875
159,-586.3408203124999,271.49487304687494,2382.99951171875
16,-371.88659667968744,-523.3780517578126,2575.1806640624995
160,-580.843566894531,271.18011474609364,2384.0791015625005
161,-574.0772705078126,272.41394042968744,2383.9609375000005
162,-562.7364501953124,271.559814453125,2382.4433593750005
163,-551.58349609375,271.7354736328125,2383.53369140625
164,-546.2232666015625,271.555877685547,2382.856201171875
165,-534.472412109375,270.2408142089843,2385.5932617187495
166,-524.0277099609375,270.2529602050781,2389.4594726562505
167,-329.5451354980469,233.07875061035153,2387.2822265625
168,-324.6493530273438,233.53823852539065,2386.5927734375005
169,-317.1561584472655,234.73028564453122,2378.6972656249995
17,-695.5997314453126,251.28866577148438,2354.1738281249995
170,-304.54919433593756,237.2618408203125,2376.890625
171,-293.98834228515625,236.11251831054688,2375.6760253906245
172,-289.03808593749994,235.15682983398443,2378.3527832031255
173,-288.7613525390625,235.85797119140625,2378.6904296875
174,-283.7035827636719,234.8931884765625,2375.6765136718755
175,-174.8617858886719,210.1707458496094,2399.8981933593755
176,-172.39733886718756,206.15278625488278,2401.7194824218745
177,-167.1590576171875,205.00463867187497,2401.258056640625
178,-164.65365600585938,206.5362548828125,2403.3212890625
179,-163.3306884765625,207.70716857910153,2401.06298828125
18,-657.6965942382814,322.14562988281256,2381.42138671875
180,-161.16238403320315,207.695068359375,2397.5644531249995
181,-158.6116943359375,207.01156616210938,2395.249755859375
182,-178.20962524414054,202.17501831054688,2382.97216796875
183,-184.0701904296875,202.5512084960938,2378.5595703125005
184,-195.00132751464844,200.09011840820318,2371.79052734375
185,-205.1664428710938,199.76635742187497,2372.32421875
186,-214.57009887695315,207.65838623046878,2371.1489257812495
187,-220.25262451171875,208.0340576171875,2371.4704589843755
188,-227.29014587402344,202.69436645507815,2367.5146484375
189,-233.92654418945315,212.47883605957034,2364.4184570312505
19,-611.0098266601564,364.85958862304705,2407.550048828125
190,-447.97164916992193,249.49803161621097,2372.2556152343755
191,-455.38446044921875,252.86987304687497,2370.3288574218745
192,-459.3410949707031,255.71221923828125,2371.141357421875
193,-470.2914733886718,258.6692199707031,2371.770263671875
194,-478.80804443359375,261.1528625488282,2370.4975585937505
195,-490.8394470214844,264.00604248046875,2368.9938964843755
196,-503.3912658691406,264.370086669922,2371.970703125
197,-512.6226806640625,264.0382690429687,2371.44677734375
198,-707.3983764648439,281.97393798828114,2371.068359375
199,-714.3207397460939,285.1954345703125,2368.777587890625
2,-380.3461608886719,-485.1100463867188,2578.3535156250005
20,-560.7908935546877,389.35421752929693,2425.429443359375
200,-721.9971313476564,284.0419921875,2365.416748046875
201,-726.2454833984375,283.6087036132813,2364.430419921875
202,-732.8153076171876,277.0419921875,2366.924560546875
203,-735.5420532226562,272.69256591796875,2367.014404296875
204,-743.2890014648439,274.22573852539057,2370.0349121093755
205,-689.444091796875,272.3915710449219,2374.455078125
206,-681.8603515625,272.1311950683593,2377.3413085937505
207,-675.8281860351562,273.41769409179693,2378.715332031251
208,-669.7091674804686,274.4619140624999,2377.525390625
209,-656.7525634765625,273.75881958007807,2378.0581054687495
21,-520.0640869140625,406.0859069824219,2447.98291015625
210,-649.3626708984373,271.74053955078125,2379.495361328125
211,-643.6470947265625,273.83535766601557,2383.89404296875
212,-632.7329711914061,280.46807861328125,2381.255859375
213,-437.1624145507813,272.5108947753906,2376.63818359375
214,-429.31607055664057,271.4321899414062,2377.7626953124995
215,-422.27847290039057,270.07836914062494,2378.7897949218745
216,-417.24423217773443,265.1479797363282,2382.4990234375005
217,-406.66836547851557,262.79736328124994,2385.0371093750005
218,-399.5416870117188,260.4840087890625,2383.8852539062505
219,-390.20855712890625,262.77685546874994,2381.56298828125
22,-477.7077331542969,420.27618408203125,2469.5363769531255
220,-384.55795288085943,264.86788940429693,2376.5390625000005
221,-265.99969482421875,240.18121337890628,2389.723388671875
222,-262.2331542968749,240.5076446533203,2387.7338867187495
223,-260.6120910644532,241.07504272460938,2389.1647949218745
224,-255.84451293945312,238.76387023925773,2387.0102539062505
225,-253.4976043701172,237.23036193847656,2388.59619140625
226,-252.31637573242188,236.05252075195315,2388.9411621093755
227,-249.87953186035153,236.04266357421872,2393.896728515625
228,-175.9402313232422,207.90234375000003,2402.67041015625
229,-170.21612548828125,207.1118621826172,2401.7692871093745
23,-445.7904663085937,431.284423828125,2481.5681152343755
230,-168.19897460937497,207.60552978515622,2402.8569335937505
231,-163.90625,207.894287109375,2403.956298828125
232,-159.99212646484378,207.3844909667969,2402.4758300781255
233,-157.81631469726562,206.7950744628906,2399.3532714843755
234,-153.25929260253906,204.30215454101562,2397.25048828125
235,-150.78074645996097,202.7135620117187,2396.132080078125
236,-115.3706817626953,197.8844909667969,2406.580810546875
237,-121.8396453857422,197.57040405273443,2405.7353515625005
238,-131.62350463867185,198.59561157226562,2397.7385253906245
239,-137.6889038085938,207.50456237792972,2392.271728515625
24,-415.2805480957031,444.4771423339844,2483.7968749999995
240,-146.4088134765625,208.51190185546878,2391.851318359376
241,-151.66952514648438,207.46371459960938,2393.6022949218745
242,-158.01300048828125,206.867919921875,2396.4321289062505
243,-164.75799560546875,208.53434753417972,2394.9448242187495
244,-328.4897155761718,253.9110107421875,2387.81982421875
245,-335.69091796874994,260.66693115234375,2393.3574218750005
246,-339.9760437011718,260.3602905273438,2392.3315429687505
247,-347.0806884765625,259.212646484375,2394.7321777343755
248,-355.53158569335943,259.4949645996094,2391.9177246093755
249,-360.7427062988281,266.82449340820307,2394.4448242187495
25,-323.02828979492193,493.6880493164063,2525.821044921875
250,-366.3028869628906,269.68359374999994,2388.5390625000005
251,-374.41531372070307,271.25213623046875,2392.701416015625
252,-378.3733825683594,270.83120727539057,2390.6423339843755
253,-537.0679931640624,297.0210266113281,2378.61474609375
254,-542.65185546875,298.9254760742187,2378.040771484375
255,-546.1600952148438,298.73950195312494,2376.045654296875
256,-553.1226196289061,294.48037719726557,2372.8833007812505
257,-563.9998779296877,296.35601806640625,2372.0375976562505
258,-566.7177124023438,298.65478515625006,2367.632568359375
259,-572.5701904296876,298.4824829101563,2365.8212890625
26,-328.5461120605469,491.41702270507807,2534.908935546875
260,-585.0641479492188,298.99359130859364,2363.116943359375
261,-741.3870849609375,292.56378173828125,2319.824462890625
262,-747.4083251953124,292.3826904296875,2319.546630859375
263,-750.1028442382814,292.26605224609364,2317.7778320312505
264,-751.9373779296876,291.56756591796875,2318.5224609375
265,-752.8132934570312,291.174072265625,2319.11474609375
266,-753.2811889648439,291.6810913085937,2319.1914062500005
267,-753.2376098632811,292.01837158203125,2318.2321777343755
268,-602.06591796875,300.20825195312494,2348.03369140625
269,-593.1759033203126,305.28039550781244,2345.235595703125
27,-326.03109741210926,485.54937744140625,2527.632080078125
270,-582.3696289062499,305.6187438964844,2346.0871582031255
271,-576.9276123046874,304.4411010742187,2348.7382812499995
272,-571.8048095703126,302.9941101074219,2349.325439453125
273,-563.9647827148438,296.9252319335937,2346.041748046875
274,-556.2620849609375,291.6000061035157,2346.5981445312505
275,-545.7922363281251,294.26434326171875,2344.3452148437505
276,-380.91210937499994,266.88473510742193,2359.183349609375
277,-371.01385498046875,270.62127685546875,2360.10400390625
278,-360.1893005371094,269.649383544922,2360.207763671875
279,-354.37939453125,268.19299316406256,2362.3388671875
28,-330.3663635253906,492.42852783203125,2497.6328125000005
280,-351.3446044921875,266.69836425781244,2359.795166015625
281,-351.10958862304705,266.51391601562494,2365.130859375
282,-347.907440185547,267.18450927734375,2365.972900390625
283,-343.42645263671875,268.07086181640636,2356.634521484375
284,-258.8186340332031,240.488998413086,2377.580322265625
285,-258.8284301757813,240.54690551757812,2380.1293945312505
286,-258.1491088867188,245.80618286132812,2370.11279296875
287,-254.95854187011722,243.5280914306641,2375.855957031251
288,-251.9599609375,240.75573730468753,2378.827392578126
289,-251.29870605468753,238.0087127685547,2378.4799804687495
29,-330.2312927246093,492.2154846191407,2510.4033203125005
290,-246.95501708984378,237.0218200683594,2379.6767578125005
291,-236.52990722656247,238.78150939941406,2383.0117187500005
292,-112.50075531005858,208.58934020996094,2394.88037109375
293,-107.30342864990236,215.80398559570312,2393.7138671875
294,-103.02708435058592,216.38737487792977,2403.295654296875
295,-98.18522644042967,215.36515808105472,2406.4689941406245
296,-91.28724670410156,211.04238891601565,2402.7458496093745
297,-87.8811492919922,208.12550354003906,2403.6679687499995
298,-86.10943603515624,206.12196350097656,2401.4392089843755
299,-85.46389770507812,205.5516357421875,2403.9118652343755
3,-383.2073669433594,-484.4627075195313,2584.248291015624
30,-325.12075805664057,504.4700317382812,2502.6162109375005
300,-90.08946228027345,209.45623779296878,2405.39794921875
301,-93.13204956054688,210.24684143066406,2401.6096191406245
302,-97.23406982421878,210.59460449218747,2395.9975585937505
303,-99.63551330566405,211.57604980468753,2391.996826171875
304,-106.12863159179686,207.89440917968753,2390.4658203125
305,-109.80694580078124,204.6207275390625,2393.4587402343755
306,-112.79192352294923,212.26243591308597,2389.87841796875
307,-118.93199920654298,218.57666015624997,2395.2451171875005
308,-224.65670776367188,240.42398071289062,2366.5561523437505
309,-235.5848236083984,238.02436828613278,2361.770263671875
31,-330.7471008300781,498.63433837890625,2502.0307617187495
310,-241.84817504882812,235.13676452636713,2358.3693847656245
311,-245.3818054199219,233.43069458007812,2359.3510742187505
312,-246.55828857421878,232.2412109375,2357.804443359375
313,-250.64694213867188,233.78781127929688,2356.61279296875
314,-253.00946044921875,235.32138061523446,2358.132080078125
315,-254.68957519531244,236.8392791748047,2357.7248535156245
316,-322.62286376953136,262.2164611816406,2347.4238281249995
317,-320.4859619140625,263.20373535156244,2348.360595703125
318,-324.49203491210926,259.92205810546875,2342.7399902343755
319,-328.9750366210937,260.9280395507812,2336.16357421875
32,-251.67083740234378,-354.4676208496094,2145.3474121093755
320,-332.16741943359375,263.00610351562494,2328.201416015625
321,-333.88128662109375,264.7931518554687,2325.66650390625
322,-333.8247680664063,264.5320129394531,2326.784667968749
323,-333.15454101562506,262.9403381347657,2321.6733398437505
324,-446.84356689453136,282.58779907226557,2333.90625
325,-453.2447814941407,282.7364501953125,2331.88427734375
326,-461.51306152343756,275.4910888671874,2328.368408203125
327,-466.14434814453136,280.22879028320307,2326.8347167968755
328,-473.62277221679693,281.6411743164063,2325.47607421875
329,-477.0983581542968,281.6466674804688,2321.16650390625
33,-242.88999938964844,-455.285888671875,2182.2158203125
330,-478.85934448242193,281.6407775878906,2319.7160644531245
331,-657.1340942382814,289.1453247070313,2284.384521484375
332,-660.3173828124999,287.90661621093744,2281.8427734375005
333,-667.2616577148436,287.63592529296875,2280.0390625000005
334,-672.7907714843751,286.83566284179693,2282.1203613281245
335,-675.068359375,286.19189453125,2282.552978515625
336,-680.7803955078127,282.9626770019531,2287.02099609375
337,-681.381591796875,281.0455322265625,2285.8789062500005
338,-690.3269653320311,277.6021728515625,2285.1328125000005
339,-625.5650634765625,286.5337524414062,2314.383544921875
34,-232.75518798828128,-537.2208251953124,2227.9775390625005
340,-619.2786865234376,285.1924133300781,2315.70703125
341,-609.9155883789062,284.0527954101563,2316.4711914062505
342,-605.1446533203125,286.76828002929693,2317.9455566406255
343,-598.0968017578126,290.1289978027344,2319.629638671875
344,-594.244140625,291.90106201171875,2320.5617675781255
345,-583.2651977539061,293.64776611328136,2324.66064453125
346,-571.2824707031251,291.13748168945324,2325.9169921875005
347,-377.26364135742193,268.3819885253906,2363.4138183593755
348,-364.58593749999994,268.4001159667968,2364.3051757812505
349,-361.73260498046875,270.279541015625,2366.45849609375
35,-226.07371520996088,-572.3563232421875,2295.6440429687495
350,-353.53643798828114,269.156494140625,2363.459228515625
351,-349.7647705078125,269.30712890624994,2368.66845703125
352,-343.1559448242188,266.67169189453136,2372.055419921875
353,-335.65130615234375,263.7034912109375,2372.4248046875
354,-326.89532470703125,260.5358276367188,2376.408935546875
355,-281.69494628906256,237.84420776367188,2384.6796875
356,-280.7117004394531,237.02449035644534,2383.745605468749
357,-272.2653198242187,240.0414428710938,2383.9384765625005
358,-267.9294128417969,242.59225463867188,2385.760009765624
359,-263.9266662597656,242.70355224609372,2384.5346679687495
36,-221.67356872558588,-580.9417114257811,2344.7744140625
360,-261.62310791015625,242.20773315429688,2384.5920410156245
361,-260.41116333007807,241.61529541015622,2383.044677734375
362,-257.5166625976563,246.55700683593756,2381.4978027343755
363,-145.42330932617188,214.7820281982422,2401.1396484375
364,-137.67376708984372,208.27853393554685,2396.2326660156245
365,-126.30350494384767,203.8897705078125,2394.3911132812514
366,-120.28928375244139,202.1277313232422,2397.0185546875005
367,-117.25625610351561,201.74945068359375,2398.9226074218745
368,-115.6913375854492,201.43728637695318,2397.330078125
369,-114.97444152832031,200.96710205078128,2395.1616210937495
37,-224.1597442626953,-590.7840576171877,2402.0236816406245
370,-109.76231384277344,204.68148803710943,2399.448974609375
371,-80.85234069824219,149.51397705078125,2418.182373046875
372,-79.32901000976561,163.14443969726562,2417.9028320312505
373,-77.92077636718749,175.65472412109375,2420.8408203125
374,-79.16618347167969,187.92608642578128,2418.3535156250005
375,-77.5428771972656,192.41213989257815,2413.558837890625
376,-78.9715576171875,185.12480163574216,2410.690673828125
377,-83.52165222167969,180.54971313476557,2409.9072265625005
378,-85.68658447265624,190.16720581054688,2413.6433105468755
379,-211.5096893310547,232.90728759765628,2371.3481445312505
38,-215.0514678955078,-592.0756225585939,2436.6889648437495
380,-213.53094482421875,233.33857727050778,2371.9704589843755
381,-216.66595458984372,229.02191162109378,2372.353759765625
382,-228.62231445312503,231.00622558593753,2371.3205566406255
383,-234.72669982910153,239.376708984375,2362.8125000000005
384,-245.23773193359378,240.21841430664062,2356.9765625000005
385,-248.70329284667972,245.24114990234378,2358.311767578126
386,-350.19769287109375,261.3328247070313,2325.2939453125
387,-355.8719787597656,262.880615234375,2327.1877441406245
388,-362.29647827148426,264.7380065917969,2329.26953125
389,-365.65130615234375,266.01675415039057,2329.3771972656255
39,-199.16040039062503,-579.9508666992186,2465.66357421875
390,-368.24450683593756,265.0945129394531,2326.0056152343755
391,-370.165252685547,264.90191650390625,2326.9724121093755
392,-374.4281616210937,264.56457519531256,2329.929931640625
393,-376.6516418457032,263.3582458496094,2329.6767578125005
394,-509.5845947265625,293.7296447753906,2324.01708984375
395,-513.7637939453126,295.7083740234375,2321.572998046875
396,-524.2539062500001,293.7988891601563,2319.7797851562495
397,-534.8692626953123,294.56555175781244,2319.0576171875005
398,-544.6689453125,293.5577087402343,2316.8510742187505
399,-555.1638183593751,291.30419921875,2311.956787109375
4,-384.5740356445313,-483.27752685546875,2585.25732421875
40,-278.7601318359375,-442.63873291015625,2251.37451171875
400,-566.2419433593751,293.0152893066406,2306.827392578126
401,-765.0068359375001,255.16130065917972,2271.5327148437505
402,-765.5751953125,253.81278991699222,2268.9711914062505
403,-767.6331787109375,250.677734375,2269.9597167968755
404,-768.1023559570314,251.2822723388672,2271.8432617187495
405,-767.3340454101562,253.48246765136722,2273.901611328125
406,-765.8154296874999,257.2528686523438,2276.2524414062495
407,-761.1088867187501,257.92852783203125,2278.50830078125
408,-751.012939453125,259.94885253906256,2283.8320312500005
409,-506.83093261718744,298.97583007812494,2331.893554687501
41,-277.96859741210926,-470.39855957031244,2250.288330078125
410,-496.8608703613282,300.0923156738281,2332.425048828125
411,-488.54241943359375,298.7664794921874,2336.0048828125
412,-478.8887634277344,298.0045166015625,2337.524658203125
413,-471.4934997558593,299.0408935546875,2343.653564453125
414,-460.70056152343756,298.7886962890625,2347.0241699218745
415,-451.6761169433593,297.727783203125,2346.808837890625
416,-446.49429321289057,298.00460815429693,2347.5212402343755
417,-283.294677734375,268.67990112304705,2384.8530273437505
418,-282.47528076171875,270.0469360351563,2381.5947265625005
419,-282.214599609375,271.38922119140636,2381.512451171875
42,-281.76614379882807,-484.7344970703125,2276.2524414062495
420,-282.1893920898438,272.19427490234375,2382.074462890625
421,-281.4123229980469,271.8994445800781,2375.8579101562505
422,-280.9605712890625,273.9186096191406,2383.325439453125
423,-273.1068420410156,270.34060668945324,2380.5212402343755
424,-272.41140747070307,267.3218994140625,2375.96875
425,-189.0951232910156,225.81336975097656,2389.9128417968745
426,-183.61903381347656,228.3643188476563,2391.314453125
427,-177.91870117187497,231.67735290527344,2395.5002441406245
428,-177.95591735839847,233.79318237304685,2393.4177246093755
429,-171.07365417480463,232.59033203125,2398.5898437499995
43,-283.92611694335926,-505.3649291992188,2298.2851562500005
430,-165.6905212402344,230.36901855468753,2400.456298828125
431,-159.96725463867188,232.85981750488278,2399.047119140625
432,-152.34179687500003,232.96609497070315,2406.124267578125
433,-143.73200988769537,226.2407836914062,2407.45849609375
434,-80.71891784667967,206.30070495605472,2438.5102539062505
435,-79.43305969238283,205.26339721679688,2437.869140625
436,-78.65014648437501,204.2149047851562,2436.558837890625
437,-78.59040832519531,203.97547912597656,2434.726318359375
438,-79.51019287109375,205.34770202636716,2431.6918945312505
439,-83.73677062988281,210.68717956542974,2431.8737792968755
44,-289.16024780273443,-519.9915771484375,2316.017333984376
440,-84.98225402832033,212.19082641601565,2429.07958984375
441,-85.58583068847655,212.98864746093756,2429.254638671875
442,-85.85719299316405,213.44894409179688,2432.445312500001
443,-202.98989868164062,231.62420654296878,2380.709716796875
444,-209.7225341796875,232.8600463867188,2379.628173828125
445,-213.21960449218744,233.77618408203125,2381.6572265625005
446,-217.64843750000003,235.78637695312503,2377.1748046875
447,-222.25384521484372,238.83981323242188,2378.68017578125
448,-229.53921508789062,241.72799682617188,2378.9096679687495
449,-236.729736328125,239.9499969482422,2383.1955566406255
45,-248.99400329589838,-539.1636962890625,2357.1447753906245
450,-376.91217041015625,267.1531982421874,2347.4667968750005
451,-378.9449768066406,266.01998901367193,2345.8937988281255
452,-380.90771484375,265.33154296874994,2348.34912109375
453,-381.4038696289063,264.5638122558594,2347.3420410156245
454,-381.54415893554693,264.21655273437494,2347.0908203125
455,-381.2710266113281,263.8013610839844,2345.035888671875
456,-381.2792053222656,263.94586181640636,2345.882568359375
457,-459.0494079589843,300.10546875,2350.8527832031255
458,-467.0762634277344,298.08410644531244,2345.1420898437495
459,-474.28192138671875,296.427490234375,2344.7685546875
46,-294.51416015625,-551.795166015625,2350.7578125000005
460,-480.8094177246094,297.7362060546874,2340.9982910156245
461,-484.2196655273438,299.1748352050781,2338.5283203125
462,-494.7758483886719,296.5433959960937,2334.14599609375
463,-504.3602905273438,297.6271667480469,2331.673095703125
464,-690.0315551757811,307.4124450683594,2269.485595703125
465,-695.952880859375,300.35791015625,2270.6647949218745
466,-701.3875732421876,300.11831665039057,2268.1960449218745
467,-704.267822265625,300.97848510742193,2264.15234375
468,-704.2525634765625,295.2354736328125,2264.92041015625
469,-708.2714233398439,293.58609008789057,2260.747314453125
47,-237.60470581054685,-548.8023681640624,2405.17626953125
470,-714.3778686523438,292.7873229980469,2259.3508300781255
471,-658.0673828124999,317.73175048828114,2285.42822265625
472,-652.7531738281251,318.625,2287.545166015625
473,-645.8686523437499,322.37719726562494,2289.265380859375
474,-644.5096435546876,324.8502807617188,2291.4519042968755
475,-637.6129150390625,324.3370666503906,2296.2851562500005
476,-631.41650390625,322.347381591797,2300.450439453125
477,-623.5599365234375,322.03726196289057,2296.8466796875
478,-618.8982543945311,324.45040893554693,2302.19677734375
479,-479.30413818359375,298.86273193359375,2346.9992675781255
48,-150.2577819824219,126.25042724609375,2339.3610839843755
480,-472.5428771972657,299.5038452148438,2351.070312500001
481,-465.38690185546875,301.767578125,2351.935546875001
482,-457.843505859375,300.8279724121093,2352.25048828125
483,-451.21118164062494,299.98742675781244,2355.8159179687505
484,-444.611358642578,299.5538024902344,2355.81787109375
485,-435.29214477539057,302.333984375,2353.155517578126
486,-429.190643310547,298.18161010742193,2355.5932617187495
487,-311.55944824218744,269.8139038085937,2375.4882812499995
488,-308.8087158203125,271.2232666015625,2369.98779296875
489,-313.13623046874994,270.85107421875,2374.039794921875
49,-146.17788696289062,115.54833984374999,2347.445312500001
490,-312.2825317382812,269.4871520996093,2373.5117187500005
491,-312.01037597656244,269.3144836425781,2374.905029296875
492,-252.49124145507818,265.61181640624994,2382.58447265625
493,-250.42697143554688,260.4173278808594,2376.41796875
494,-249.95106506347656,258.9597473144532,2381.0200195312505
495,-240.4344024658203,254.43524169921875,2389.8583984375005
496,-232.7176971435547,248.95877075195315,2390.5615234375005
497,-225.26953124999997,243.5014038085938,2391.26025390625
498,-221.38143920898446,240.04721069335938,2391.8225097656245
499,-223.0600738525391,240.2237243652344,2390.77392578125
5,-382.30499267578136,-468.1871337890625,2585.07958984375
50,-146.06935119628903,118.44883728027345,2362.2446289062495
500,-89.85424041748045,214.63481140136716,2430.491210937501
501,-87.20460510253905,212.6619567871094,2436.164306640625
502,-85.73727416992189,210.92665100097656,2437.40087890625
503,-85.22564697265624,209.99534606933597,2438.0310058593755
504,-85.65594482421875,211.4255828857422,2436.071533203126
505,-83.29927062988283,210.66116333007812,2432.9152832031255
506,-79.13265991210938,205.80366516113273,2428.4011230468755
507,-77.32566833496092,202.69155883789062,2429.8122558593755
508,-76.33399963378905,201.07960510253903,2430.673095703125
509,-149.49229431152347,210.45376586914057,2392.3840332031255
51,-145.1362762451172,114.76234436035155,2365.338134765625
510,-155.32446289062503,216.44964599609375,2394.458251953125
511,-158.5281372070313,221.75480651855472,2392.7246093749995
512,-165.39001464843753,230.00608825683594,2392.2741699218745
513,-167.42727661132815,233.5965881347656,2388.7294921875
514,-172.37301635742193,234.80059814453125,2384.063720703125
515,-175.1595458984375,235.28581237792974,2384.377685546875
516,-180.98509216308594,231.8932189941406,2381.845703125
517,-308.6822814941407,266.0111694335937,2359.6831054687495
518,-309.49957275390625,266.191650390625,2359.0759277343755
519,-314.6063537597656,261.5661010742187,2355.2490234375
52,-143.80349731445318,117.44549560546876,2372.9255371093755
520,-319.76101684570307,259.10705566406256,2354.08349609375
521,-324.89337158203125,260.9265136718749,2347.1831054687495
522,-330.72378540039057,263.59515380859364,2343.73779296875
523,-334.89050292968744,266.52478027343756,2346.1054687499995
524,-333.36923217773443,270.3043518066406,2349.0732421875005
525,-398.32855224609364,261.2780456542969,2331.5673828125005
526,-406.5440368652344,268.4039306640625,2331.92529296875
527,-411.31677246093744,274.689697265625,2330.12353515625
528,-415.1567687988281,279.1725463867188,2326.3781738281255
529,-422.9490356445313,280.7088928222656,2325.9487304687495
53,-147.30284118652347,117.23663330078125,2386.9145507812505
530,-430.474365234375,284.94866943359375,2325.728759765624
531,-436.9522705078125,288.1929321289063,2324.095703125
532,-443.33898925781244,286.8464660644532,2323.7766113281245
533,-657.6678466796876,287.71798706054693,2258.451171875001
534,-661.3769531249999,286.73745727539057,2258.9931640625005
535,-671.7921752929688,285.35055541992193,2254.5878906249995
536,-680.7396240234374,285.4393310546874,2253.49169921875
537,-689.2136230468751,284.9293212890625,2256.6455078125005
538,-692.6375732421876,285.6245422363282,2257.4096679687495
539,-702.0993652343751,285.106689453125,2250.5644531249995
54,-156.8847351074219,121.07098388671875,2386.9931640625005
540,-710.409423828125,286.5026245117188,2249.406005859375
541,-721.0694580078125,283.39379882812494,2252.1667480468745
542,-716.6113281249999,282.69989013671886,2254.2045898437495
543,-708.755126953125,281.86495971679693,2255.480224609375
544,-703.7546997070312,283.97390747070307,2259.540771484375
545,-698.699462890625,285.8844299316406,2258.95849609375
546,-693.5436401367188,283.82781982421875,2260.737060546875
547,-686.165771484375,281.6123046875,2260.401611328125
548,-677.9093017578126,282.1941528320313,2263.705810546875
549,-478.61816406249994,294.97802734375,2319.7292480468745
55,-155.26136779785153,95.68029785156249,2386.49462890625
550,-468.929718017578,295.5854797363281,2323.729980468749
551,-460.28997802734375,297.6722717285156,2326.3510742187505
552,-449.52606201171875,296.47821044921864,2327.9938964843755
553,-444.0279846191407,295.4961547851562,2330.7248535156245
554,-439.1690368652344,295.53070068359375,2332.5476074218745
555,-434.85693359375006,296.98471069335943,2333.875976562501
556,-424.4693298339844,296.87493896484375,2334.45166015625
557,-270.74566650390636,265.5951843261719,2372.3850097656245
558,-268.9649353027344,263.33340454101557,2370.822021484375
559,-266.97167968749994,263.06176757812494,2372.251953125
56,-198.46705627441406,101.11500549316405,2384.8063964843755
560,-267.8170471191407,262.31933593749994,2374.691650390625
561,-271.83471679687494,261.15521240234375,2372.6447753906245
562,-276.90026855468744,264.914276123047,2375.622802734375
563,-280.5549621582031,269.32794189453136,2381.5937500000005
564,-281.4759826660156,271.0718078613281,2382.805419921875
565,-234.47430419921872,243.21994018554685,2390.9619140625005
566,-225.85195922851562,240.20614624023443,2391.3896484375
567,-221.1432952880859,237.82620239257815,2389.4042968750005
568,-218.9857788085938,236.50540161132812,2387.797119140625
569,-209.63348388671875,240.27755737304685,2388.96875
57,-199.78756713867188,102.21360778808595,2389.14697265625
570,-197.19354248046875,239.43331909179688,2391.034423828125
571,-190.03848266601562,237.80487060546875,2391.1533203125005
572,-184.12554931640628,236.72227478027344,2390.3959960937505
573,-81.88562011718749,134.09033203125,2408.70703125
574,-85.26255798339845,118.71086120605467,2407.9692382812505
575,-85.26557922363281,108.583984375,2404.97607421875
576,-85.55461120605467,103.56291198730469,2400.787841796874
577,-77.8955841064453,116.79769897460939,2408.49853515625
578,-74.8270263671875,146.72779846191406,2415.67919921875
579,-73.2058410644531,168.20553588867188,2419.2016601562495
58,-197.48228454589844,119.24822235107422,2380.551757812501
580,-76.06196594238283,184.13725280761722,2414.101806640625
581,-186.6488037109375,225.13279724121094,2383.835937500001
582,-195.9300842285156,228.75152587890625,2383.6787109375005
583,-207.6707763671875,232.77392578124994,2380.8308105468755
584,-212.11755371093747,233.94692993164062,2380.492431640625
585,-217.77127075195312,236.5474548339844,2380.7851562500005
586,-220.69644165039065,238.12547302246094,2379.516357421875
587,-230.7115478515625,237.99922180175778,2380.1215820312505
588,-240.42927551269534,236.9477233886719,2380.1276855468745
589,-410.6828002929688,263.27505493164057,2343.596435546875
59,-305.95239257812494,30.178741455078125,2224.8110351562505
590,-416.16247558593756,266.0233764648437,2344.494873046875
591,-419.40167236328125,268.13409423828125,2345.3977050781255
592,-425.474365234375,266.02172851562494,2344.155517578126
593,-433.21374511718744,264.9632568359375,2342.9738769531255
594,-437.2366638183594,264.5105895996094,2341.294677734375
595,-439.4141235351563,264.1968994140625,2340.394775390625
596,-440.76715087890625,264.06317138671875,2341.464111328125
597,-498.23617553710926,294.5045776367188,2328.6501464843755
598,-508.281524658203,296.0576782226563,2327.7272949218745
599,-511.4275817871093,297.3338012695313,2326.8344726562505
6,-388.69268798828125,-471.5321960449219,2597.071533203126
60,-303.1553955078125,-41.40122985839843,2168.5671386718755
600,-523.9505004882811,294.9385375976562,2324.1928710937495
601,-531.8826904296875,299.10150146484375,2323.7116699218745
602,-542.9076538085936,304.0849609375,2321.610595703125
603,-556.3483886718751,307.72607421874994,2321.371582031251
604,-566.0833129882814,313.55691528320307,2317.4963378906255
605,-764.0962524414061,280.5704345703125,2285.7858886718745
606,-756.8894042968751,282.54034423828125,2292.038818359375
607,-749.2549438476564,285.40148925781244,2290.4609375000005
608,-742.5486450195312,290.51605224609364,2290.725830078125
609,-731.6029052734375,290.99206542968744,2296.9233398437505
61,-302.6652221679688,-113.16091918945311,2129.848388671875
610,-724.5513305664064,291.6764221191407,2301.7470703125
611,-717.2943115234376,293.4749450683594,2304.748046875
612,-713.4224243164061,293.864471435547,2305.23876953125
613,-529.3366699218749,293.80181884765625,2335.827880859375
614,-517.7362060546875,294.6078186035157,2336.1591796875005
615,-512.2113647460939,292.3561706542969,2340.5935058593755
616,-502.72180175781244,284.5289001464843,2341.174560546875
617,-491.68078613281256,283.5375671386719,2344.030517578126
618,-484.2506103515625,275.5798645019532,2346.4914550781255
619,-471.75820922851557,273.7942504882812,2351.177001953125
62,-304.4400939941406,-185.71087646484372,2108.3437500000005
620,-462.97183227539057,277.9721069335937,2351.2216796875
621,-284.26071166992193,245.25253295898443,2383.9157714843755
622,-275.48779296874994,243.53384399414057,2386.9763183593755
623,-276.9388122558593,240.83062744140628,2383.927978515625
624,-276.5859069824219,241.07839965820318,2385.1110839843755
625,-280.5921630859375,238.65802001953128,2380.4265136718755
626,-282.4369506835937,236.69509887695315,2376.7319335937505
627,-280.7795715332031,235.5633850097656,2375.251220703125
628,-282.43682861328125,234.8265075683594,2373.141113281251
629,-248.30178833007815,237.2563629150391,2384.59912109375
63,-310.467041015625,-239.06719970703128,2119.5581054687495
630,-237.67462158203125,239.53483581542974,2387.7485351562495
631,-231.183349609375,240.23898315429688,2385.75
632,-224.24807739257812,238.2330932617187,2382.7050781249995
633,-221.0171813964844,237.27993774414057,2386.13818359375
634,-216.779296875,236.60772705078128,2385.2314453125
635,-206.93171691894534,233.35604858398446,2385.563232421875
636,-200.51324462890622,230.35079956054688,2385.2656249999995
637,-64.0838928222656,169.88035583496094,2408.2741699218745
638,-61.35485839843749,180.76409912109375,2412.6877441406245
639,-58.56427001953125,182.2933349609375,2417.9655761718755
64,-294.00927734375006,172.70941162109375,2385.9184570312505
640,-57.12060546875,181.74050903320312,2421.0673828125005
641,-64.06417846679688,147.386459350586,2406.9797363281255
642,-69.91784667968751,150.4798278808594,2399.3051757812505
643,-73.4506378173828,157.93421936035156,2397.826904296875
644,-192.0867614746094,210.9263916015625,2374.1804199218745
645,-199.8806915283203,211.92089843750003,2364.56591796875
646,-209.31146240234378,220.7446136474609,2364.4343261718755
647,-217.75067138671875,223.7654724121094,2368.710693359375
648,-224.69332885742193,224.53817749023443,2368.740234375
649,-234.02418518066406,227.62341308593753,2365.5922851562495
65,-300.27319335937494,170.8048095703125,2386.8937988281255
650,-241.7400970458984,230.15069580078125,2368.3811035156255
651,-245.37652587890625,231.26873779296875,2366.3630371093755
652,-359.07461547851557,259.85260009765636,2346.1918945312505
653,-366.96911621093744,262.62048339843756,2345.578125
654,-373.9400939941406,263.547607421875,2344.4560546875005
655,-382.1247863769532,266.9587097167969,2348.478271484375
656,-391.6782531738282,266.353271484375,2351.3395996093755
657,-400.630615234375,264.3543395996094,2347.581298828125
658,-408.8941040039063,264.2087097167969,2351.9338378906255
659,-416.25332641601557,266.40881347656244,2350.71142578125
66,-308.26751708984375,169.4500427246094,2386.3447265625005
660,-647.8111572265625,316.66793823242193,2292.30078125
661,-656.5312499999999,316.1480407714844,2292.302978515625
662,-663.1810302734376,310.864501953125,2287.1845703125
663,-667.0816040039061,308.1495971679688,2287.3642578125005
664,-670.3561401367186,310.08551025390625,2283.0429687499995
665,-673.1246337890625,312.8685607910156,2282.60107421875
666,-680.09765625,311.8416442871094,2277.71240234375
667,-691.6690673828124,313.24154663085943,2277.0927734375005
668,-621.8148193359374,324.16516113281256,2287.0913085937505
669,-612.615966796875,323.4770202636719,2292.6491699218745
67,-312.56939697265625,168.72808837890628,2387.007568359375
670,-599.4187622070314,324.360595703125,2294.63818359375
671,-591.8344116210938,324.0933837890625,2296.4135742187505
672,-581.6563110351562,324.0321044921874,2299.9797363281255
673,-571.9445800781251,323.0838623046875,2297.894775390625
674,-563.14990234375,324.2298889160156,2302.7412109375005
675,-551.3562011718749,321.4831542968749,2306.5771484375005
676,-321.2038269042969,262.44464111328136,2335.714111328125
677,-315.8821411132813,263.00933837890625,2334.500732421875
678,-307.5484924316406,253.91941833496094,2339.031738281251
679,-303.3893737792969,246.59063720703128,2342.827880859375
68,-319.79022216796875,174.78752136230472,2389.162841796874
680,-296.994171142578,242.59683227539062,2345.60205078125
681,-289.59353637695307,237.7381134033203,2347.096435546875
682,-285.8237915039063,234.5030212402344,2346.40380859375
683,-283.8207702636719,232.59532165527347,2345.8500976562505
684,-218.12353515624997,232.8027496337891,2360.7517089843755
685,-214.13162231445315,232.55293273925778,2357.396484375
686,-211.2864685058594,233.95130920410156,2361.7612304687495
687,-206.30563354492188,231.26957702636713,2362.841552734376
688,-199.6194763183594,228.34382629394528,2365.510498046875
689,-193.8095703125,225.76518249511716,2370.301757812501
69,-324.78625488281244,180.86994934082034,2390.010986328125
690,-190.51486206054682,224.80580139160156,2371.7412109375005
691,-184.19454956054685,227.70303344726562,2371.294677734375
692,-81.95527648925783,204.01985168457026,2387.3872070312505
693,-80.09500885009764,204.8288726806641,2384.4277343750005
694,-73.73646545410156,203.86863708496097,2395.6613769531255
695,-63.20312500000001,206.4779663085938,2405.336181640625
696,-57.00205993652345,208.88110351562506,2406.5395507812505
697,-54.01559448242188,210.86289978027347,2409.4423828125005
698,-52.27171325683595,212.93428039550778,2416.9750976562505
699,-47.817687988281236,213.5798645019531,2428.7858886718745
7,-385.48974609375006,-471.9140625,2601.042236328125
70,-337.31344604492193,176.99877929687497,2392.801513671876
700,-142.97381591796875,199.20332336425776,2366.63427734375
701,-148.64128112792972,201.03399658203128,2369.3447265625005
702,-156.1674194335938,203.71417236328122,2369.436279296875
703,-159.4371337890625,211.86120605468756,2369.8125000000005
704,-169.18865966796875,221.13681030273443,2360.2036132812505
705,-177.5482025146484,222.10328674316403,2359.2734375000005
706,-184.16976928710938,222.41598510742188,2358.67822265625
707,-193.81488037109378,225.60075378417966,2355.8159179687505
708,-326.4246215820313,254.5928192138672,2345.7802734375
709,-331.4886169433593,259.2082824707031,2340.865966796875
71,-345.9541931152344,172.75103759765628,2394.892578125
710,-336.6731262207031,261.1696166992188,2339.52490234375
711,-339.3035278320313,262.07446289062506,2338.8972167968755
712,-342.7653198242187,258.24896240234375,2337.1489257812495
713,-344.28167724609364,254.85983276367188,2334.945312500001
714,-349.04937744140625,253.9198455810547,2338.4899902343755
715,-351.8277282714843,253.53469848632812,2342.7392578125005
716,-487.47869873046875,296.4361267089842,2329.9326171875005
717,-499.258026123047,302.03359985351557,2325.9011230468755
718,-509.603515625,311.18200683593756,2321.8642578125005
719,-519.3052368164061,317.6566162109375,2319.0690917968745
72,-542.3007202148438,205.98562622070315,2411.022216796875
720,-528.4481201171875,320.044891357422,2318.814453125
721,-538.4428710937499,321.3674621582031,2316.1584472656245
722,-550.0338134765626,322.04083251953136,2313.9755859375005
723,-561.935791015625,324.2105712890625,2311.6311035156255
724,-569.1259765625001,325.3301696777344,2309.0024414062495
725,-710.6217651367188,323.9788208007813,2262.78759765625
726,-707.0728759765627,324.0924987792969,2268.78564453125
727,-704.2696533203125,323.1153259277344,2272.18359375
728,-700.4588012695314,324.32690429687494,2273.420166015625
729,-696.513427734375,325.8913879394531,2274.5100097656245
73,-550.94140625,203.82250976562503,2406.989501953125
730,-685.8330078124999,326.92285156249994,2280.133544921875
731,-677.7780761718752,325.62225341796875,2279.18017578125
732,-664.9041137695312,325.4478454589843,2285.5415039062505
733,-421.069580078125,321.9797668457031,2338.67822265625
734,-412.9595336914063,314.52490234375006,2339.089599609375
735,-403.005859375,314.5276794433594,2336.737548828125
736,-395.8393249511718,310.66326904296875,2337.846435546875
737,-382.4601745605469,305.3768005371094,2339.7172851562495
738,-374.0428771972657,302.8530883789063,2345.3156738281255
739,-361.9506225585937,300.971710205078,2349.25927734375
74,-555.7398681640625,202.43763732910156,2405.3427734375005
740,-354.61810302734375,299.0960388183593,2348.143798828125
741,-257.3843994140625,272.70220947265625,2371.56591796875
742,-256.7229614257813,272.52746582031256,2372.861328125
743,-254.3087768554688,271.1712646484375,2370.3024902343755
744,-251.73974609374997,269.31988525390636,2370.3227539062505
745,-252.26785278320312,269.3459167480469,2371.2587890624995
746,-250.51266479492182,267.93988037109375,2368.291015625
747,-246.97406005859378,267.1802368164063,2366.6123046875005
748,-241.59628295898443,268.59912109375006,2374.562255859375
749,-86.79678344726562,214.55032348632815,2388.960693359375
75,-565.4713745117189,201.78616333007812,2406.0644531249995
750,-83.12107849121094,207.82717895507818,2388.743408203125
751,-75.75279235839842,213.70132446289062,2392.945312500001
752,-71.76181030273438,222.1177978515625,2399.3090820312505
753,-65.35374450683592,221.72090148925778,2411.0346679687495
754,-61.619293212890625,220.15953063964838,2410.9155273437505
755,-57.745361328125014,216.9362487792969,2413.573486328125
756,-54.385528564453125,213.32139587402347,2412.811523437501
757,-73.01377868652342,186.11970520019526,2388.579345703125
758,-76.19273376464844,190.38249206542977,2384.8239746093755
759,-77.57005310058592,193.48213195800784,2381.6103515625005
76,-575.8460693359373,199.97268676757812,2405.88818359375
760,-80.16337585449216,201.87106323242188,2376.637451171875
761,-85.07716369628906,210.937255859375,2381.221435546875
762,-89.38851928710939,218.1029052734375,2382.853759765625
763,-91.3018341064453,221.6469879150391,2378.17041015625
764,-98.04799652099611,227.76158142089838,2376.9233398437505
765,-252.19749450683594,248.22390747070315,2329.42138671875
766,-253.73068237304685,250.49664306640625,2330.31787109375
767,-256.2527160644531,250.97006225585938,2331.098876953125
768,-261.44427490234375,254.42007446289062,2334.910156250001
769,-266.8176574707031,254.39535522460938,2330.7912597656245
77,-584.0177612304688,206.78082275390625,2405.3339843750005
770,-274.7514343261719,258.4831542968749,2332.2041015625
771,-278.83535766601557,261.31457519531256,2331.9411621093755
772,-277.73306274414057,263.2336730957031,2330.3447265625005
773,-383.23529052734375,282.48834228515625,2323.894287109375
774,-396.3030700683594,287.4473266601563,2324.0146484375
775,-403.6538085937501,290.4547424316406,2326.4697265625005
776,-411.9724731445313,295.17062377929693,2326.040771484375
777,-424.6266479492187,294.3943176269531,2323.8232421875005
778,-431.3461303710937,293.0281677246093,2322.13818359375
779,-440.81518554687494,300.89743041992193,2321.5581054687495
78,-590.5227050781251,214.94018554687497,2408.3771972656255
780,-453.6245727539063,306.5046997070313,2320.348388671875
781,-685.6313476562501,345.20281982421875,2269.9711914062505
782,-693.5509033203125,346.1559448242188,2266.7448730468745
783,-698.2332153320312,345.43936157226557,2264.2316894531245
784,-708.02294921875,340.5727844238282,2259.98681640625
785,-715.3751220703125,331.74645996093744,2256.2180175781255
786,-719.1359252929686,326.6512451171875,2255.3271484375005
787,-717.4025878906249,324.7959899902343,2251.9001464843755
788,-718.9746704101564,322.76177978515625,2250.098876953125
789,-488.42620849609364,328.96466064453136,2332.110595703125
79,-602.7066040039061,216.81912231445315,2409.516357421875
790,-475.9454650878906,330.22848510742193,2336.2045898437495
791,-466.3953552246093,333.43389892578125,2338.2338867187495
792,-454.0940551757813,332.84619140624994,2340.585205078125
793,-444.13790893554693,331.5058898925781,2340.2331542968755
794,-435.3417053222656,329.07540893554693,2347.1855468750005
795,-430.01846313476574,326.2974853515625,2349.08740234375
796,-415.32446289062506,316.89163208007807,2347.5363769531255
797,-254.66094970703128,270.79092407226557,2365.3962402343755
798,-254.0367736816406,270.6087951660156,2369.8344726562505
799,-249.11984252929685,269.1226501464844,2368.3195800781255
8,-385.59265136718744,-487.6749877929688,2588.761962890625
80,-784.6955566406251,234.47920227050776,2412.6640625
800,-243.50117492675776,268.0062561035156,2369.0786132812505
801,-245.13345336914057,268.75946044921875,2365.9804687499995
802,-243.78344726562503,267.4397888183594,2359.8076171875005
803,-245.12788391113278,268.27856445312494,2359.337158203126
804,-243.89688110351562,265.6031494140625,2364.6586914062495
805,-151.80279541015625,236.58895874023443,2379.880859375
806,-144.79951477050773,235.43734741210946,2376.896728515625
807,-133.53607177734375,234.93559265136716,2378.227783203125
808,-126.59716033935548,236.08950805664062,2383.7968749999995
809,-126.08863830566403,232.26234436035156,2381.777099609375
81,-792.8290405273439,236.11914062499997,2404.1071777343755
810,-125.90440368652345,229.19209289550778,2383.9411621093755
811,-120.76316833496094,232.13262939453125,2386.8710937500005
812,-113.94449615478516,235.1356048583984,2389.695068359375
813,-70.34681701660153,127.40985107421876,2401.0571289062505
814,-71.33415222167969,124.49586486816406,2400.016113281251
815,-73.34857177734375,144.08662414550778,2401.0339355468755
816,-76.52030181884764,167.90118408203128,2405.8305664062505
817,-78.78842163085938,184.29005432128903,2409.9643554687495
818,-83.59291076660155,196.22918701171875,2415.63818359375
819,-85.84805297851561,203.03486633300778,2420.0136718750005
82,-798.7445068359374,238.38092041015628,2400.5493164062505
820,-99.08358764648436,205.92089843750003,2414.909423828125
821,-256.1907958984375,248.1194305419922,2361.5505371093755
822,-257.833740234375,251.33593750000003,2366.5905761718755
823,-267.0848083496094,254.08976745605472,2362.0288085937495
824,-274.5911560058593,260.5416870117188,2365.7604980468745
825,-278.652801513672,265.9760437011718,2367.409423828125
826,-281.9161987304687,267.0896301269532,2359.1784667968745
827,-287.36459350585943,257.62277221679693,2362.0556640625
828,-294.34069824218744,250.48565673828125,2365.04052734375
829,-405.54016113281256,263.31994628906256,2353.4714355468755
83,-806.242919921875,236.00514221191406,2400.368408203125
830,-414.7749938964844,265.76309204101557,2352.690185546875
831,-422.08502197265625,273.183349609375,2352.310546875001
832,-432.0917663574219,282.156005859375,2351.0524902343755
833,-437.2042541503906,288.3294372558594,2348.8305664062505
834,-446.4343566894531,288.7992858886719,2351.52734375
835,-457.1283569335937,290.79629516601557,2346.924560546875
836,-468.0405578613281,291.695068359375,2340.3437500000005
837,-699.36376953125,290.60742187500006,2280.4841308593755
838,-701.943603515625,286.7908630371094,2277.059814453125
839,-708.9738159179689,287.14172363281256,2272.411376953126
84,-813.70068359375,229.29052734375,2402.328125
840,-717.4542236328124,288.89770507812494,2271.284667968749
841,-722.2136840820312,290.49383544921864,2269.4621582031255
842,-724.5114746093751,291.3914794921874,2267.2304687499995
843,-726.6781005859375,292.28240966796875,2269.3593750000005
844,-718.267333984375,292.07617187499994,2272.8505859375005
845,-487.67108154296875,329.67160034179693,2342.453857421875
846,-479.0649108886719,330.20327758789057,2345.37646484375
847,-468.88275146484375,327.9831542968749,2346.6687011718745
848,-462.14489746093756,325.38983154296875,2351.50146484375
849,-452.6824951171875,326.86621093749994,2351.7778320312505
85,-825.4970703125,221.95884704589847,2411.519287109375
850,-441.6822814941407,321.0064697265625,2361.571044921875
851,-433.96685791015625,320.74420166015636,2362.3737792968755
852,-428.439453125,321.09057617187494,2363.8442382812505
853,-260.28680419921875,276.24502563476574,2391.842529296875
854,-261.07666015625,276.63897705078125,2389.3566894531245
855,-258.15209960937506,275.2567749023437,2389.7797851562495
856,-256.72036743164057,274.2724609375,2390.870117187501
857,-256.15902709960943,273.82482910156256,2393.75048828125
858,-253.4650268554688,274.1492919921875,2396.5356445312505
859,-254.49478149414057,273.94494628906256,2396.700927734375
86,-833.1924438476564,218.51513671875,2416.341796875001
860,-255.18615722656247,273.73370361328125,2396.7734375000005
861,-216.69763183593753,237.3764801025391,2395.438720703125
862,-217.50239562988276,236.73518371582028,2394.9150390625005
863,-216.9021759033203,237.57389831542974,2394.209716796875
864,-207.25646972656247,241.1466217041015,2396.7556152343755
865,-196.5985107421875,240.52462768554688,2398.10009765625
866,-190.92666625976562,239.46768188476562,2402.053710937501
867,-185.25079345703128,238.22683715820318,2398.6894531249995
868,-179.85209655761727,238.29566955566406,2405.56591796875
869,-62.788787841796875,121.20645141601561,2422.0461425781255
87,-838.2577514648438,217.35708618164065,2420.42919921875
870,-63.37861633300781,116.68978881835935,2416.853759765625
871,-63.482772827148445,114.89016723632811,2415.254638671875
872,-58.14468383789062,134.62295532226562,2418.8657226562505
873,-53.5420684814453,162.91210937500003,2427.8718261718755
874,-51.70913696289063,183.69195556640622,2434.5251464843755
875,-50.21453857421875,195.75900268554685,2438.3154296875005
876,-46.54214477539062,199.92828369140625,2443.636962890625
877,-149.30007934570318,235.70367431640622,2382.0122070312505
878,-157.73620605468753,238.7626953125,2380.911376953126
879,-164.0732727050781,240.84324645996097,2378.60693359375
88,-730.1748046875001,261.8917236328125,2385.7294921875
880,-176.08261108398443,240.69952392578122,2375.1708984375
881,-185.3334350585938,240.18379211425776,2371.4853515625005
882,-195.62278747558597,236.9305725097656,2367.8959960937505
883,-208.52615356445312,236.8685913085938,2361.8706054687495
884,-215.47680664062503,237.20635986328125,2360.2128906249995
885,-341.3005676269532,264.77105712890625,2338.99853515625
886,-345.1456909179688,264.25073242187494,2341.8132324218755
887,-350.12384033203136,266.08694458007807,2340.108886718749
888,-352.3968811035157,267.62750244140625,2338.596923828125
889,-353.0963745117187,268.50402832031256,2337.081787109375
89,-728.1085205078126,262.46520996093744,2385.3232421875005
890,-362.22338867187494,266.63330078124994,2338.2731933593755
891,-371.0670471191407,265.45043945312494,2339.43310546875
892,-376.23880004882807,264.2664184570312,2341.294921875
893,-595.2025756835938,310.00976562500006,2291.053710937501
894,-607.2903442382815,310.1019897460937,2288.2236328125005
895,-618.0455322265626,309.4456787109375,2283.9770507812505
896,-630.6757812500002,312.3338012695313,2283.885986328125
897,-637.2677612304688,314.8076171875,2281.7543945312505
898,-644.6622314453124,315.85290527343756,2279.737060546875
899,-655.808837890625,309.9004516601563,2276.673095703125
9,-370.3652648925781,-533.3553466796876,2564.0786132812505
90,-723.4639892578126,263.0114135742187,2390.6630859375
900,-662.2243041992188,301.52752685546875,2275.74072265625
901,-590.6569213867186,323.53521728515625,2296.5205078125005
902,-579.6779174804686,323.8630981445313,2301.6044921875
903,-567.557861328125,324.8637084960937,2305.744384765624
904,-561.7413330078126,325.5004577636719,2310.7319335937505
905,-552.6557006835938,324.9632873535156,2314.0378417968745
906,-540.4705810546876,324.5682983398438,2315.8222656249995
907,-531.5859985351564,325.3515319824219,2317.6579589843755
908,-319.98217773437494,280.2547302246094,2363.083251953125
909,-311.7144470214844,269.6257019042969,2361.7255859375
91,-719.8087768554688,262.09729003906256,2391.012939453125
910,-301.3237609863281,270.46633911132807,2362.7231445312505
911,-194.1560821533203,240.81561279296872,2383.0551757812505
912,-184.91397094726562,242.69429016113276,2388.1479492187495
913,-173.91577148437497,241.51712036132812,2387.48876953125
914,-161.7646331787109,238.95223999023446,2390.2915039062505
915,-155.35153198242193,237.58595275878906,2392.61767578125
916,-152.36996459960938,236.76568603515622,2391.890625
917,-141.59040832519534,237.42414855957034,2390.510986328125
918,-128.76971435546875,236.08135986328128,2392.139404296875
919,-57.9320068359375,227.11555480957026,2428.0234375000005
92,-717.7943115234376,261.14816284179693,2392.73974609375
920,-80.07460021972655,172.75027465820315,2405.5065917968745
921,-81.20021057128906,168.22021484375,2399.565185546875
922,-83.74009704589845,194.27919006347653,2405.08447265625
923,-88.67024993896483,211.20582580566406,2402.7192382812505
924,-96.21737670898438,224.72259521484372,2398.855712890626
925,-104.96351623535156,232.29379272460935,2392.3525390625005
926,-113.03233337402342,235.95742797851568,2386.865478515625
927,-326.36749267578136,263.6765441894532,2336.69677734375
928,-330.63150024414057,263.95257568359375,2335.92138671875
929,-336.2420654296875,263.74713134765625,2336.9638671875
93,-713.6475219726562,252.95928955078128,2393.58447265625
930,-339.0259399414062,263.38742065429693,2336.6398925781255
931,-340.36544799804693,263.13623046874994,2336.4980468750005
932,-343.39178466796875,263.00787353515636,2337.0051269531255
933,-345.012664794922,262.8453979492187,2337.1062011718745
934,-348.17028808593756,258.889892578125,2334.952392578126
935,-521.0988769531252,275.28881835937494,2294.4982910156245
936,-529.8555908203124,275.34817504882807,2289.2685546875
937,-546.2716674804686,273.2870788574219,2285.2814941406245
938,-560.9072875976562,277.46710205078125,2281.66552734375
939,-572.0733642578127,279.8468322753906,2280.5864257812495
94,-708.0498657226562,254.50018310546875,2393.300048828125
940,-584.1527099609375,283.66864013671886,2276.947998046875
941,-594.5927734375001,284.5689697265625,2275.7731933593755
942,-608.0913696289062,283.3165283203125,2274.0922851562495
943,-735.0304565429688,282.5079345703125,2267.8347167968755
944,-729.3340454101562,284.83013916015625,2273.6533203125005
945,-718.3725585937499,285.15240478515636,2273.704833984375
946,-711.7277832031251,285.90594482421875,2276.343017578126
947,-705.6293945312501,287.807586669922,2273.960693359375
948,-695.2186279296876,286.10662841796875,2274.9914550781255
949,-682.66845703125,289.4154968261719,2277.44677734375
95,-703.6212158203124,256.4765319824218,2393.9599609375005
950,-360.0789794921874,278.90283203125,2343.7321777343755
951,-341.7557067871093,274.86901855468744,2344.0498046875
952,-328.19799804687494,270.53344726562494,2346.4228515625
953,-311.5318298339844,270.24798583984386,2344.8615722656255
954,-301.7062377929687,269.8853149414062,2349.0366210937495
955,-292.87023925781244,268.61267089843756,2353.8110351562505
956,-108.7925796508789,209.61233520507812,2407.342529296875
957,-105.18230438232419,208.24902343749997,2410.82421875
958,-96.55403900146483,208.46514892578128,2417.193115234376
959,-90.92623138427736,208.65509033203128,2424.14990234375
96,-538.1622924804685,270.54119873046875,2396.219970703125
960,-87.93173217773436,208.7769470214844,2424.3154296875005
961,-84.78907775878903,205.47407531738278,2428.5068359375
962,-87.31179809570311,156.32942199707034,2418.010498046875
963,-86.97277832031249,124.19235229492186,2407.652099609375
964,-119.42809295654295,204.73704528808594,2391.0168457031245
965,-133.30157470703125,204.78123474121094,2385.473632812501
966,-140.98655700683594,203.4647979736328,2384.9189453125
967,-148.3520202636719,204.58792114257815,2385.3959960937505
968,-152.92306518554685,205.31703186035156,2385.6166992187495
969,-162.05697631835943,208.07037353515622,2385.671142578126
97,-533.5126342773439,269.51165771484375,2397.7160644531245
970,-168.67271423339838,205.9228210449219,2381.3718261718755
971,-179.94848632812503,212.09686279296872,2377.3435058593755
972,-186.40359497070312,217.7527008056641,2376.288330078125
973,-317.7153015136719,239.35516357421875,2357.1796875
974,-317.9268493652343,238.79071044921875,2361.9267578125005
975,-321.013671875,238.54031372070312,2360.6767578125005
976,-323.1593322753906,239.10812377929688,2360.9284667968745
977,-326.618408203125,239.19381713867188,2358.06103515625
978,-333.5059509277344,243.11904907226562,2356.5310058593755
979,-342.51895141601557,241.40994262695312,2352.130859375
98,-524.5644531249999,270.0686645507813,2398.2675781249995
980,-349.58642578124994,245.72601318359378,2346.94091796875
981,-662.880126953125,264.2481994628905,2306.730224609375
982,-673.4140014648438,262.4547729492187,2306.736572265625
983,-683.621337890625,259.6142578125,2304.9633789062505
984,-694.2567138671876,259.45123291015625,2302.300048828125
985,-703.1507568359374,259.0550231933595,2302.1276855468745
986,-712.4161376953124,259.5478515625,2295.3454589843755
987,-721.9026489257811,259.40176391601557,2294.05419921875
988,-730.4900512695314,257.3237915039063,2290.23876953125
989,-543.4192504882811,295.95281982421875,2322.527099609375
99,-517.8902587890624,271.7732849121093,2399.0646972656245
990,-525.1240234375,295.7419128417969,2324.1813964843755
991,-509.1725769042969,296.3867187499999,2327.071044921875
992,-495.13854980468744,296.2626037597657,2332.3259277343755
993,-480.4191284179687,295.85888671875006,2334.3317871093755
994,-464.3355712890625,296.0426330566406,2337.845703125
995,-452.8339538574219,296.99526977539057,2340.705810546875
996,-226.28433227539062,227.69390869140622,2364.5024414062495
997,-223.16421508789062,230.05212402343753,2357.7685546875
998,-222.171142578125,233.2820892333984,2359.0888671874995
999,-224.10882568359378,237.03797912597656,2364.530517578126
