"time","x","y","z"
51,-145.136276245117,114.762344360352,2365.33813476562
52,-143.803497314453,117.445495605469,2372.92553710938
53,-147.302841186523,117.236633300781,2386.91455078125
54,-156.884735107422,121.070983886719,2386.9931640625
55,-155.261367797852,95.6802978515625,2386.49462890625
56,-198.467056274414,101.115005493164,2384.80639648438
57,-199.787567138672,102.213607788086,2389.14697265625
58,-197.482284545898,119.248222351074,2380.5517578125
59,-305.952392578125,30.1787414550781,2224.81103515625
60,-303.155395507812,-41.4012298583984,2168.56713867188
61,-302.665222167969,-113.160919189453,2129.84838867188
62,-304.440093994141,-185.710876464844,2108.34375
63,-310.467041015625,-239.067199707031,2119.55810546875
64,-294.00927734375,172.709411621094,2385.91845703125
65,-300.273193359375,170.804809570312,2386.89379882813
66,-308.267517089844,169.450042724609,2386.3447265625
67,-312.569396972656,168.728088378906,2387.00756835938
68,-319.790222167969,174.787521362305,2389.16284179687
69,-324.786254882812,180.86994934082,2390.01098632812
70,-337.313446044922,176.998779296875,2392.80151367188
71,-345.954193115234,172.751037597656,2394.892578125
72,-542.300720214844,205.985626220703,2411.02221679688
73,-550.94140625,203.822509765625,2406.98950195312
74,-555.739868164062,202.437637329102,2405.3427734375
75,-565.471374511719,201.786163330078,2406.064453125
76,-575.846069335937,199.972686767578,2405.88818359375
77,-584.017761230469,206.780822753906,2405.333984375
78,-590.522705078125,214.940185546875,2408.37719726563
79,-602.706604003906,216.819122314453,2409.51635742188
80,-784.695556640625,234.479202270508,2412.6640625
81,-792.829040527344,236.119140625,2404.10717773438
82,-798.744506835937,238.380920410156,2400.54931640625
83,-806.242919921875,236.005142211914,2400.36840820312
84,-813.70068359375,229.29052734375,2402.328125
85,-825.4970703125,221.958847045898,2411.51928710938
86,-833.192443847656,218.51513671875,2416.341796875
87,-838.257751464844,217.357086181641,2420.42919921875
88,-730.1748046875,261.891723632812,2385.7294921875
89,-728.108520507813,262.465209960937,2385.3232421875
90,-723.463989257813,263.011413574219,2390.6630859375
91,-719.808776855469,262.097290039063,2391.01293945312
92,-717.794311523438,261.148162841797,2392.73974609375
93,-713.647521972656,252.959289550781,2393.58447265625
94,-708.049865722656,254.500183105469,2393.30004882812
95,-703.621215820312,256.476531982422,2393.9599609375
96,-538.162292480469,270.541198730469,2396.21997070312
97,-533.512634277344,269.511657714844,2397.71606445312
98,-524.564453125,270.068664550781,2398.267578125
99,-517.890258789062,271.773284912109,2399.06469726562
100,-513.077880859375,272.173492431641,2397.04541015625
101,-507.800109863281,268.655242919922,2400.92822265625
102,-498.206390380859,268.53662109375,2400.76293945312
103,-493.341064453125,268.632995605469,2400.93579101562
104,-343.867828369141,227.485473632812,2387.08349609375
105,-334.582885742187,225.461242675781,2384.35009765625
106,-327.025817871094,228.582733154297,2382.25439453125
107,-326.151885986328,227.855133056641,2385.06079101562
108,-326.471343994141,226.754119873047,2388.4765625
109,-318.822875976562,225.409591674805,2388.69848632812
110,-312.089538574219,224.857849121094,2380.26684570312
111,-301.863616943359,224.942611694336,2380.38061523438
112,-219.678283691406,197.53727722168,2388.0712890625
113,-216.916320800781,199.557403564453,2392.16918945312
114,-215.483337402344,200.779907226562,2393.75366210938
115,-214.689559936523,201.367797851563,2393.32055664063
116,-216.18147277832,203.051681518555,2392.83837890625
117,-211.870895385742,199.225280761719,2391.76879882812
118,-209.642425537109,195.9765625,2392.39306640625
119,-204.488494873047,193.811096191406,2395.02612304688
120,-137.234985351562,168.350616455078,2410.80126953125
121,-132.679473876953,171.212615966797,2416.28051757813
122,-140.125350952148,174.345001220703,2418.71459960938
123,-138.585494995117,179.218902587891,2425.0556640625
124,-130.883605957031,177.832885742188,2422.15869140625
125,-129.057144165039,177.094635009766,2421.8916015625
126,-136.226440429688,174.584442138672,2412.64990234375
127,-143.197235107422,172.292221069336,2414.955078125
128,-307.016326904297,201.679306030273,2387.03759765625
129,-314.496337890625,201.493743896484,2389.59545898438
130,-321.176055908203,203.839965820312,2386.34204101562
131,-325.889068603516,205.021179199219,2385.96435546875
132,-331.673919677734,203.141860961914,2384.3095703125
133,-339.511596679687,202.302124023438,2386.81274414062
134,-346.663909912109,202.063262939453,2387.08569335938
135,-350.557647705078,201.369720458984,2385.59545898438
136,-506.230285644531,236.74870300293,2386.14477539062
137,-510.033050537109,234.003265380859,2383.34423828125
138,-515.051025390625,232.55241394043,2383.97436523438
139,-523.526000976563,234.809356689453,2383.63232421875
140,-528.273803710938,237.193115234375,2382.63745117188
141,-535.971984863281,234.867446899414,2381.62524414062
142,-543.005004882812,232.969131469727,2377.02368164062
143,-550.215576171875,232.958953857422,2379.65869140625
144,-689.80126953125,265.698364257812,2376.48876953125
145,-697.1943359375,266.975524902344,2375.9482421875
146,-701.348388671875,268.240661621094,2373.99682617188
147,-706.485534667969,267.575103759766,2375.14599609375
148,-709.007934570313,267.232116699219,2375.2666015625
149,-718.068725585937,268.441070556641,2374.96020507812
150,-723.678161621094,270.246215820312,2373.45825195312
151,-798.099853515625,242.089080810547,2365.28784179687
152,-792.673645019531,249.231582641602,2361.48950195312
153,-789.129821777344,252.766036987305,2357.33569335938
154,-786.050842285156,254.597290039062,2355.78271484375
155,-783.359008789062,255.316879272461,2363.76416015625
156,-779.672973632813,257.878509521484,2367.66870117187
157,-776.879089355469,259.475830078125,2370.96264648438
158,-771.987854003906,258.132995605469,2374.8388671875
159,-586.3408203125,271.494873046875,2382.99951171875
160,-580.843566894531,271.180114746094,2384.0791015625
161,-574.077270507813,272.413940429687,2383.9609375
162,-562.736450195312,271.559814453125,2382.443359375
163,-551.58349609375,271.735473632812,2383.53369140625
164,-546.223266601562,271.555877685547,2382.85620117188
165,-534.472412109375,270.240814208984,2385.59326171875
166,-524.027709960938,270.252960205078,2389.45947265625
167,-329.545135498047,233.078750610352,2387.2822265625
168,-324.649353027344,233.538238525391,2386.5927734375
169,-317.156158447266,234.730285644531,2378.697265625
170,-304.549194335938,237.261840820312,2376.890625
171,-293.988342285156,236.112518310547,2375.67602539062
172,-289.0380859375,235.156829833984,2378.35278320313
173,-288.761352539062,235.857971191406,2378.6904296875
174,-283.703582763672,234.893188476562,2375.67651367188
175,-174.861785888672,210.170745849609,2399.89819335938
176,-172.397338867188,206.152786254883,2401.71948242187
177,-167.159057617188,205.004638671875,2401.25805664062
178,-164.653656005859,206.536254882812,2403.3212890625
179,-163.330688476562,207.707168579102,2401.06298828125
180,-161.162384033203,207.695068359375,2397.564453125
181,-158.611694335938,207.011566162109,2395.24975585938
182,-178.209625244141,202.175018310547,2382.97216796875
183,-184.070190429688,202.551208496094,2378.5595703125
184,-195.001327514648,200.090118408203,2371.79052734375
185,-205.166442871094,199.766357421875,2372.32421875
186,-214.570098876953,207.658386230469,2371.14892578125
187,-220.252624511719,208.034057617188,2371.47045898438
188,-227.290145874023,202.694366455078,2367.5146484375
189,-233.926544189453,212.47883605957,2364.41845703125
190,-447.971649169922,249.498031616211,2372.25561523438
191,-455.384460449219,252.869873046875,2370.32885742187
192,-459.341094970703,255.712219238281,2371.14135742188
193,-470.291473388672,258.669219970703,2371.77026367188
194,-478.808044433594,261.152862548828,2370.49755859375
195,-490.839447021484,264.006042480469,2368.99389648438
196,-503.391265869141,264.370086669922,2371.970703125
197,-512.622680664062,264.038269042969,2371.44677734375
198,-707.398376464844,281.973937988281,2371.068359375
199,-714.320739746094,285.195434570312,2368.77758789062
200,-721.997131347656,284.0419921875,2365.41674804688
201,-726.245483398438,283.608703613281,2364.43041992188
202,-732.815307617188,277.0419921875,2366.92456054688
203,-735.542053222656,272.692565917969,2367.01440429688
204,-743.289001464844,274.225738525391,2370.03491210938
205,-689.444091796875,272.391571044922,2374.455078125
206,-681.8603515625,272.131195068359,2377.34130859375
207,-675.828186035156,273.417694091797,2378.71533203125
208,-669.709167480469,274.4619140625,2377.525390625
209,-656.752563476562,273.758819580078,2378.05810546875
210,-649.362670898437,271.740539550781,2379.49536132812
211,-643.647094726562,273.835357666016,2383.89404296875
212,-632.732971191406,280.468078613281,2381.255859375
213,-437.162414550781,272.510894775391,2376.63818359375
214,-429.316070556641,271.432189941406,2377.7626953125
215,-422.278472900391,270.078369140625,2378.78979492187
216,-417.244232177734,265.147979736328,2382.4990234375
217,-406.668365478516,262.79736328125,2385.037109375
218,-399.541687011719,260.484008789062,2383.88525390625
219,-390.208557128906,262.77685546875,2381.56298828125
220,-384.557952880859,264.867889404297,2376.5390625
221,-265.999694824219,240.181213378906,2389.72338867188
222,-262.233154296875,240.50764465332,2387.73388671875
223,-260.612091064453,241.075042724609,2389.16479492187
224,-255.844512939453,238.763870239258,2387.01025390625
225,-253.497604370117,237.230361938477,2388.59619140625
226,-252.316375732422,236.052520751953,2388.94116210938
227,-249.879531860352,236.042663574219,2393.89672851562
228,-175.940231323242,207.90234375,2402.67041015625
229,-170.216125488281,207.111862182617,2401.76928710937
230,-168.198974609375,207.605529785156,2402.85693359375
231,-163.90625,207.894287109375,2403.95629882812
232,-159.992126464844,207.384490966797,2402.47583007813
233,-157.816314697266,206.795074462891,2399.35327148438
234,-153.259292602539,204.302154541016,2397.25048828125
235,-150.780746459961,202.713562011719,2396.13208007812
236,-115.370681762695,197.884490966797,2406.58081054688
237,-121.839645385742,197.570404052734,2405.7353515625
238,-131.623504638672,198.595611572266,2397.73852539062
239,-137.688903808594,207.50456237793,2392.27172851562
240,-146.408813476562,208.511901855469,2391.85131835938
241,-151.669525146484,207.463714599609,2393.60229492187
242,-158.013000488281,206.867919921875,2396.43212890625
243,-164.757995605469,208.53434753418,2394.94482421875
244,-328.489715576172,253.911010742188,2387.81982421875
245,-335.69091796875,260.666931152344,2393.357421875
246,-339.976043701172,260.360290527344,2392.33154296875
247,-347.080688476562,259.212646484375,2394.73217773438
248,-355.531585693359,259.494964599609,2391.91772460938
249,-360.742706298828,266.824493408203,2394.44482421875
250,-366.302886962891,269.68359375,2388.5390625
251,-374.415313720703,271.252136230469,2392.70141601562
252,-378.373382568359,270.831207275391,2390.64233398438
253,-537.067993164062,297.021026611328,2378.61474609375
254,-542.65185546875,298.925476074219,2378.04077148438
255,-546.160095214844,298.739501953125,2376.04565429688
256,-553.122619628906,294.480377197266,2372.88330078125
257,-563.999877929688,296.356018066406,2372.03759765625
258,-566.717712402344,298.65478515625,2367.63256835938
259,-572.570190429688,298.482482910156,2365.8212890625
260,-585.064147949219,298.993591308594,2363.11694335938
261,-741.387084960938,292.563781738281,2319.82446289062
262,-747.408325195312,292.382690429688,2319.54663085938
263,-750.102844238281,292.266052246094,2317.77783203125
264,-751.937377929688,291.567565917969,2318.5224609375
265,-752.813293457031,291.174072265625,2319.11474609375
266,-753.281188964844,291.681091308594,2319.19140625
267,-753.237609863281,292.018371582031,2318.23217773438
268,-602.06591796875,300.208251953125,2348.03369140625
269,-593.175903320313,305.280395507812,2345.23559570312
270,-582.36962890625,305.618743896484,2346.08715820313
271,-576.927612304687,304.441101074219,2348.73828125
272,-571.804809570313,302.994110107422,2349.32543945312
273,-563.964782714844,296.925231933594,2346.04174804688
274,-556.262084960938,291.600006103516,2346.59814453125
275,-545.792236328125,294.264343261719,2344.34521484375
276,-380.912109375,266.884735107422,2359.18334960938
277,-371.013854980469,270.621276855469,2360.10400390625
278,-360.189300537109,269.649383544922,2360.20776367188
279,-354.37939453125,268.192993164063,2362.3388671875
280,-351.344604492188,266.698364257812,2359.79516601562
281,-351.109588623047,266.513916015625,2365.130859375
282,-347.907440185547,267.184509277344,2365.97290039062
283,-343.426452636719,268.070861816406,2356.63452148438
284,-258.818634033203,240.488998413086,2377.58032226562
285,-258.828430175781,240.546905517578,2380.12939453125
286,-258.149108886719,245.806182861328,2370.11279296875
287,-254.958541870117,243.528091430664,2375.85595703125
288,-251.9599609375,240.755737304688,2378.82739257813
289,-251.298706054688,238.008712768555,2378.47998046875
290,-246.955017089844,237.021820068359,2379.6767578125
291,-236.529907226562,238.781509399414,2383.01171875
292,-112.500755310059,208.589340209961,2394.88037109375
293,-107.303428649902,215.803985595703,2393.7138671875
294,-103.027084350586,216.38737487793,2403.29565429688
295,-98.1852264404297,215.365158081055,2406.46899414062
296,-91.2872467041016,211.042388916016,2402.74584960937
297,-87.8811492919922,208.125503540039,2403.66796875
298,-86.1094360351562,206.121963500977,2401.43920898438
299,-85.4638977050781,205.551635742188,2403.91186523438
300,-90.0894622802735,209.456237792969,2405.39794921875
301,-93.1320495605469,210.246841430664,2401.60961914062
302,-97.2340698242188,210.594604492187,2395.99755859375
303,-99.635513305664,211.576049804688,2391.99682617188
304,-106.128631591797,207.894409179688,2390.4658203125
305,-109.806945800781,204.620727539062,2393.45874023438
306,-112.791923522949,212.262435913086,2389.87841796875
307,-118.931999206543,218.57666015625,2395.2451171875
308,-224.656707763672,240.423980712891,2366.55615234375
309,-235.584823608398,238.024368286133,2361.77026367188
310,-241.848175048828,235.136764526367,2358.36938476562
311,-245.381805419922,233.430694580078,2359.35107421875
312,-246.558288574219,232.2412109375,2357.80444335938
313,-250.646942138672,233.787811279297,2356.61279296875
314,-253.009460449219,235.321380615234,2358.13208007812
315,-254.689575195312,236.839279174805,2357.72485351562
316,-322.622863769531,262.216461181641,2347.423828125
317,-320.485961914062,263.203735351562,2348.36059570312
318,-324.492034912109,259.922058105469,2342.73999023438
319,-328.975036621094,260.928039550781,2336.16357421875
320,-332.167419433594,263.006103515625,2328.20141601562
321,-333.881286621094,264.793151855469,2325.66650390625
322,-333.824768066406,264.532012939453,2326.78466796875
323,-333.154541015625,262.940338134766,2321.67333984375
324,-446.843566894531,282.587799072266,2333.90625
325,-453.244781494141,282.736450195312,2331.88427734375
326,-461.513061523438,275.491088867187,2328.36840820312
327,-466.144348144531,280.228790283203,2326.83471679688
328,-473.622772216797,281.641174316406,2325.47607421875
329,-477.098358154297,281.646667480469,2321.16650390625
330,-478.859344482422,281.640777587891,2319.71606445312
331,-657.134094238281,289.145324707031,2284.38452148438
332,-660.3173828125,287.906616210937,2281.8427734375
333,-667.261657714844,287.635925292969,2280.0390625
334,-672.790771484375,286.835662841797,2282.12036132812
335,-675.068359375,286.19189453125,2282.55297851562
336,-680.780395507813,282.962677001953,2287.02099609375
337,-681.381591796875,281.045532226562,2285.87890625
338,-690.326965332031,277.602172851562,2285.1328125
339,-625.565063476562,286.533752441406,2314.38354492188
340,-619.278686523438,285.192413330078,2315.70703125
341,-609.915588378906,284.052795410156,2316.47119140625
342,-605.144653320312,286.768280029297,2317.94555664063
343,-598.096801757813,290.128997802734,2319.62963867188
344,-594.244140625,291.901062011719,2320.56176757813
345,-583.265197753906,293.647766113281,2324.66064453125
346,-571.282470703125,291.137481689453,2325.9169921875
347,-377.263641357422,268.381988525391,2363.41381835938
348,-364.5859375,268.400115966797,2364.30517578125
349,-361.732604980469,270.279541015625,2366.45849609375
350,-353.536437988281,269.156494140625,2363.45922851562
351,-349.764770507812,269.30712890625,2368.66845703125
352,-343.155944824219,266.671691894531,2372.05541992188
353,-335.651306152344,263.703491210938,2372.4248046875
354,-326.895324707031,260.535827636719,2376.40893554688
355,-281.694946289063,237.844207763672,2384.6796875
356,-280.711700439453,237.024490356445,2383.74560546875
357,-272.265319824219,240.041442871094,2383.9384765625
358,-267.929412841797,242.592254638672,2385.76000976562
359,-263.926666259766,242.703552246094,2384.53466796875
360,-261.623107910156,242.207733154297,2384.59204101562
361,-260.411163330078,241.615295410156,2383.04467773438
362,-257.516662597656,246.557006835938,2381.49780273438
363,-145.423309326172,214.782028198242,2401.1396484375
364,-137.673767089844,208.278533935547,2396.23266601562
365,-126.303504943848,203.889770507812,2394.39111328125
366,-120.289283752441,202.127731323242,2397.0185546875
367,-117.256256103516,201.749450683594,2398.92260742187
368,-115.691337585449,201.437286376953,2397.330078125
369,-114.97444152832,200.967102050781,2395.16162109375
370,-109.762313842773,204.681488037109,2399.44897460938
371,-80.8523406982422,149.513977050781,2418.18237304688
372,-79.3290100097656,163.144439697266,2417.90283203125
373,-77.9207763671875,175.654724121094,2420.8408203125
374,-79.1661834716797,187.926086425781,2418.353515625
375,-77.5428771972656,192.412139892578,2413.55883789062
376,-78.9715576171875,185.124801635742,2410.69067382812
377,-83.5216522216797,180.549713134766,2409.9072265625
378,-85.6865844726562,190.167205810547,2413.64331054688
379,-211.509689331055,232.907287597656,2371.34814453125
380,-213.530944824219,233.338577270508,2371.97045898438
381,-216.665954589844,229.021911621094,2372.35375976562
382,-228.622314453125,231.006225585938,2371.32055664063
383,-234.726699829102,239.376708984375,2362.8125
384,-245.237731933594,240.218414306641,2356.9765625
385,-248.70329284668,245.241149902344,2358.31176757813
386,-350.197692871094,261.332824707031,2325.2939453125
387,-355.871978759766,262.880615234375,2327.18774414062
388,-362.296478271484,264.738006591797,2329.26953125
389,-365.651306152344,266.016754150391,2329.37719726563
390,-368.244506835938,265.094512939453,2326.00561523438
391,-370.165252685547,264.901916503906,2326.97241210938
392,-374.428161621094,264.564575195313,2329.92993164062
393,-376.651641845703,263.358245849609,2329.6767578125
394,-509.584594726562,293.729644775391,2324.01708984375
395,-513.763793945313,295.708374023438,2321.57299804688
396,-524.25390625,293.798889160156,2319.77978515625
397,-534.869262695312,294.565551757812,2319.0576171875
398,-544.6689453125,293.557708740234,2316.85107421875
399,-555.163818359375,291.30419921875,2311.95678710938
400,-566.241943359375,293.015289306641,2306.82739257813
401,-765.0068359375,255.16130065918,2271.53271484375
402,-765.5751953125,253.812789916992,2268.97119140625
403,-767.633178710938,250.677734375,2269.95971679688
404,-768.102355957031,251.282272338867,2271.84326171875
405,-767.334045410156,253.482467651367,2273.90161132812
406,-765.8154296875,257.252868652344,2276.25244140625
407,-761.10888671875,257.928527832031,2278.50830078125
408,-751.012939453125,259.948852539063,2283.83203125
409,-506.830932617187,298.975830078125,2331.8935546875
410,-496.860870361328,300.092315673828,2332.42504882812
411,-488.542419433594,298.766479492187,2336.0048828125
412,-478.888763427734,298.004516601562,2337.52465820312
413,-471.493499755859,299.040893554688,2343.65356445312
414,-460.700561523438,298.788696289062,2347.02416992187
415,-451.676116943359,297.727783203125,2346.80883789062
416,-446.494293212891,298.004608154297,2347.52124023438
417,-283.294677734375,268.679901123047,2384.85302734375
418,-282.475280761719,270.046936035156,2381.5947265625
419,-282.214599609375,271.389221191406,2381.51245117188
420,-282.189392089844,272.194274902344,2382.07446289062
421,-281.412322998047,271.899444580078,2375.85791015625
422,-280.960571289062,273.918609619141,2383.32543945312
423,-273.106842041016,270.340606689453,2380.52124023438
424,-272.411407470703,267.321899414062,2375.96875
425,-189.095123291016,225.813369750977,2389.91284179687
426,-183.619033813477,228.364318847656,2391.314453125
427,-177.918701171875,231.677352905273,2395.50024414062
428,-177.955917358398,233.793182373047,2393.41772460938
429,-171.073654174805,232.59033203125,2398.58984375
430,-165.690521240234,230.369018554688,2400.45629882812
431,-159.967254638672,232.859817504883,2399.04711914062
432,-152.341796875,232.966094970703,2406.12426757812
433,-143.732009887695,226.240783691406,2407.45849609375
434,-80.7189178466797,206.300704956055,2438.51025390625
435,-79.4330596923828,205.263397216797,2437.869140625
436,-78.650146484375,204.214904785156,2436.55883789062
437,-78.5904083251953,203.975479125977,2434.72631835938
438,-79.5101928710938,205.347702026367,2431.69189453125
439,-83.7367706298828,210.68717956543,2431.87377929688
440,-84.9822540283203,212.190826416016,2429.07958984375
441,-85.5858306884765,212.988647460938,2429.25463867188
442,-85.857192993164,213.448944091797,2432.4453125
443,-202.989898681641,231.624206542969,2380.70971679688
444,-209.722534179688,232.860046386719,2379.62817382812
445,-213.219604492187,233.776184082031,2381.6572265625
446,-217.6484375,235.786376953125,2377.1748046875
447,-222.253845214844,238.839813232422,2378.68017578125
448,-229.539215087891,241.727996826172,2378.90966796875
449,-236.729736328125,239.949996948242,2383.19555664063
450,-376.912170410156,267.153198242187,2347.466796875
451,-378.944976806641,266.019989013672,2345.89379882813
452,-380.90771484375,265.33154296875,2348.34912109375
453,-381.403869628906,264.563812255859,2347.34204101562
454,-381.544158935547,264.216552734375,2347.0908203125
455,-381.271026611328,263.801361083984,2345.03588867188
456,-381.279205322266,263.945861816406,2345.88256835938
457,-459.049407958984,300.10546875,2350.85278320313
458,-467.076263427734,298.084106445312,2345.14208984375
459,-474.281921386719,296.427490234375,2344.7685546875
460,-480.809417724609,297.736206054687,2340.99829101562
461,-484.219665527344,299.174835205078,2338.5283203125
462,-494.775848388672,296.543395996094,2334.14599609375
463,-504.360290527344,297.627166748047,2331.67309570312
464,-690.031555175781,307.412445068359,2269.48559570312
465,-695.952880859375,300.35791015625,2270.66479492187
466,-701.387573242188,300.118316650391,2268.19604492187
467,-704.267822265625,300.978485107422,2264.15234375
468,-704.252563476562,295.235473632812,2264.92041015625
469,-708.271423339844,293.586090087891,2260.74731445312
470,-714.377868652344,292.787322998047,2259.35083007813
471,-658.0673828125,317.731750488281,2285.42822265625
472,-652.753173828125,318.625,2287.54516601562
473,-645.86865234375,322.377197265625,2289.26538085938
474,-644.509643554688,324.850280761719,2291.45190429688
475,-637.612915039062,324.337066650391,2296.28515625
476,-631.41650390625,322.347381591797,2300.45043945312
477,-623.559936523438,322.037261962891,2296.8466796875
478,-618.898254394531,324.450408935547,2302.19677734375
479,-479.304138183594,298.862731933594,2346.99926757813
480,-472.542877197266,299.503845214844,2351.0703125
481,-465.386901855469,301.767578125,2351.935546875
482,-457.843505859375,300.827972412109,2352.25048828125
483,-451.211181640625,299.987426757812,2355.81591796875
484,-444.611358642578,299.553802490234,2355.81787109375
485,-435.292144775391,302.333984375,2353.15551757813
486,-429.190643310547,298.181610107422,2355.59326171875
487,-311.559448242187,269.813903808594,2375.48828125
488,-308.808715820312,271.223266601562,2369.98779296875
489,-313.13623046875,270.85107421875,2374.03979492188
490,-312.282531738281,269.487152099609,2373.51171875
491,-312.010375976562,269.314483642578,2374.90502929688
492,-252.491241455078,265.61181640625,2382.58447265625
493,-250.426971435547,260.417327880859,2376.41796875
494,-249.951065063477,258.959747314453,2381.02001953125
495,-240.43440246582,254.435241699219,2389.8583984375
496,-232.717697143555,248.958770751953,2390.5615234375
497,-225.26953125,243.501403808594,2391.26025390625
498,-221.381439208984,240.047210693359,2391.82250976562
499,-223.060073852539,240.223724365234,2390.77392578125
500,-89.8542404174805,214.634811401367,2430.4912109375
501,-87.204605102539,212.661956787109,2436.16430664062
502,-85.7372741699219,210.926651000977,2437.40087890625
503,-85.2256469726562,209.995346069336,2438.03100585938
504,-85.6559448242188,211.425582885742,2436.07153320313
505,-83.2992706298828,210.661163330078,2432.91528320313
506,-79.1326599121094,205.803665161133,2428.40112304688
507,-77.3256683349609,202.691558837891,2429.81225585938
508,-76.333999633789,201.079605102539,2430.67309570312
509,-149.492294311523,210.453765869141,2392.38403320313
510,-155.324462890625,216.449645996094,2394.45825195312
511,-158.528137207031,221.754806518555,2392.724609375
512,-165.390014648438,230.006088256836,2392.27416992187
513,-167.427276611328,233.596588134766,2388.7294921875
514,-172.373016357422,234.800598144531,2384.06372070312
515,-175.159545898438,235.28581237793,2384.37768554688
516,-180.985092163086,231.893218994141,2381.845703125
517,-308.682281494141,266.011169433594,2359.68310546875
518,-309.499572753906,266.191650390625,2359.07592773438
519,-314.606353759766,261.566101074219,2355.2490234375
520,-319.761016845703,259.107055664063,2354.08349609375
521,-324.893371582031,260.926513671875,2347.18310546875
522,-330.723785400391,263.595153808594,2343.73779296875
523,-334.890502929687,266.524780273438,2346.10546875
524,-333.369232177734,270.304351806641,2349.0732421875
525,-398.328552246094,261.278045654297,2331.5673828125
526,-406.544036865234,268.403930664062,2331.92529296875
527,-411.316772460937,274.689697265625,2330.12353515625
528,-415.156768798828,279.172546386719,2326.37817382813
529,-422.949035644531,280.708892822266,2325.94873046875
530,-430.474365234375,284.948669433594,2325.72875976562
531,-436.952270507812,288.192932128906,2324.095703125
532,-443.338989257812,286.846466064453,2323.77661132812
533,-657.667846679688,287.717987060547,2258.451171875
534,-661.376953125,286.737457275391,2258.9931640625
535,-671.792175292969,285.350555419922,2254.587890625
536,-680.739624023437,285.439331054687,2253.49169921875
537,-689.213623046875,284.929321289062,2256.6455078125
538,-692.637573242188,285.624542236328,2257.40966796875
539,-702.099365234375,285.106689453125,2250.564453125
540,-710.409423828125,286.502624511719,2249.40600585938
541,-721.069458007812,283.393798828125,2252.16674804687
542,-716.611328125,282.699890136719,2254.20458984375
543,-708.755126953125,281.864959716797,2255.48022460938
544,-703.754699707031,283.973907470703,2259.54077148438
545,-698.699462890625,285.884429931641,2258.95849609375
546,-693.543640136719,283.827819824219,2260.73706054688
547,-686.165771484375,281.6123046875,2260.40161132812
548,-677.909301757813,282.194152832031,2263.70581054688
549,-478.6181640625,294.97802734375,2319.72924804687
550,-468.929718017578,295.585479736328,2323.72998046875
551,-460.289978027344,297.672271728516,2326.35107421875
552,-449.526062011719,296.478210449219,2327.99389648438
553,-444.027984619141,295.496154785156,2330.72485351562
554,-439.169036865234,295.530700683594,2332.54760742187
555,-434.85693359375,296.984710693359,2333.8759765625
556,-424.469329833984,296.874938964844,2334.45166015625
557,-270.745666503906,265.595184326172,2372.38500976562
558,-268.964935302734,263.333404541016,2370.82202148438
559,-266.9716796875,263.061767578125,2372.251953125
560,-267.817047119141,262.3193359375,2374.69165039062
561,-271.834716796875,261.155212402344,2372.64477539062
562,-276.900268554687,264.914276123047,2375.62280273438
563,-280.554962158203,269.327941894531,2381.59375
564,-281.475982666016,271.071807861328,2382.80541992188
565,-234.474304199219,243.219940185547,2390.9619140625
566,-225.851959228516,240.206146240234,2391.3896484375
567,-221.143295288086,237.826202392578,2389.404296875
568,-218.985778808594,236.505401611328,2387.79711914062
569,-209.633483886719,240.277557373047,2388.96875
570,-197.193542480469,239.433319091797,2391.03442382812
571,-190.038482666016,237.804870605469,2391.1533203125
572,-184.125549316406,236.722274780273,2390.39599609375
573,-81.8856201171875,134.09033203125,2408.70703125
574,-85.2625579833985,118.710861206055,2407.96923828125
575,-85.2655792236328,108.583984375,2404.97607421875
576,-85.5546112060547,103.562911987305,2400.78784179687
577,-77.8955841064453,116.797698974609,2408.49853515625
578,-74.8270263671875,146.727798461914,2415.67919921875
579,-73.2058410644531,168.205535888672,2419.20166015625
580,-76.0619659423828,184.137252807617,2414.10180664062
581,-186.648803710938,225.132797241211,2383.8359375
582,-195.930084228516,228.751525878906,2383.6787109375
583,-207.670776367188,232.77392578125,2380.83081054688
584,-212.117553710937,233.946929931641,2380.49243164062
585,-217.771270751953,236.547454833984,2380.78515625
586,-220.696441650391,238.125473022461,2379.51635742188
587,-230.711547851562,237.999221801758,2380.12158203125
588,-240.429275512695,236.947723388672,2380.12768554687
589,-410.682800292969,263.275054931641,2343.59643554688
590,-416.162475585938,266.023376464844,2344.49487304688
591,-419.401672363281,268.134094238281,2345.39770507813
592,-425.474365234375,266.021728515625,2344.15551757813
593,-433.213745117187,264.963256835938,2342.97387695313
594,-437.236663818359,264.510589599609,2341.29467773438
595,-439.414123535156,264.196899414062,2340.39477539062
596,-440.767150878906,264.063171386719,2341.46411132812
597,-498.236175537109,294.504577636719,2328.65014648438
598,-508.281524658203,296.057678222656,2327.72729492187
599,-511.427581787109,297.333801269531,2326.83447265625
600,-523.950500488281,294.938537597656,2324.19287109375
601,-531.882690429688,299.101501464844,2323.71166992187
602,-542.907653808594,304.0849609375,2321.61059570312
603,-556.348388671875,307.72607421875,2321.37158203125
604,-566.083312988281,313.556915283203,2317.49633789063
605,-764.096252441406,280.570434570312,2285.78588867187
606,-756.889404296875,282.540344238281,2292.03881835938
607,-749.254943847656,285.401489257812,2290.4609375
608,-742.548645019531,290.516052246094,2290.72583007812
609,-731.602905273438,290.992065429687,2296.92333984375
610,-724.551330566406,291.676422119141,2301.7470703125
611,-717.294311523438,293.474945068359,2304.748046875
612,-713.422424316406,293.864471435547,2305.23876953125
613,-529.336669921875,293.801818847656,2335.82788085938
614,-517.736206054688,294.607818603516,2336.1591796875
615,-512.211364746094,292.356170654297,2340.59350585938
616,-502.721801757812,284.528900146484,2341.17456054688
617,-491.680786132813,283.537567138672,2344.03051757813
618,-484.250610351562,275.579864501953,2346.49145507813
619,-471.758209228516,273.794250488281,2351.17700195312
620,-462.971832275391,277.972106933594,2351.2216796875
621,-284.260711669922,245.252532958984,2383.91577148438
622,-275.48779296875,243.533843994141,2386.97631835938
623,-276.938812255859,240.830627441406,2383.92797851562
624,-276.585906982422,241.078399658203,2385.11108398438
625,-280.592163085938,238.658020019531,2380.42651367188
626,-282.436950683594,236.695098876953,2376.73193359375
627,-280.779571533203,235.563385009766,2375.25122070312
628,-282.436828613281,234.826507568359,2373.14111328125
629,-248.301788330078,237.256362915039,2384.59912109375
630,-237.674621582031,239.53483581543,2387.74853515625
631,-231.183349609375,240.238983154297,2385.75
632,-224.248077392578,238.233093261719,2382.705078125
633,-221.017181396484,237.279937744141,2386.13818359375
634,-216.779296875,236.607727050781,2385.2314453125
635,-206.931716918945,233.356048583984,2385.56323242188
636,-200.513244628906,230.350799560547,2385.265625
637,-64.0838928222656,169.880355834961,2408.27416992187
638,-61.3548583984375,180.764099121094,2412.68774414062
639,-58.5642700195312,182.293334960938,2417.96557617188
640,-57.12060546875,181.740509033203,2421.0673828125
641,-64.0641784667969,147.386459350586,2406.97973632813
642,-69.9178466796875,150.479827880859,2399.30517578125
643,-73.4506378173828,157.934219360352,2397.82690429688
644,-192.086761474609,210.926391601562,2374.18041992187
645,-199.88069152832,211.9208984375,2364.56591796875
646,-209.311462402344,220.744613647461,2364.43432617188
647,-217.750671386719,223.765472412109,2368.71069335938
648,-224.693328857422,224.538177490234,2368.740234375
649,-234.024185180664,227.623413085938,2365.59228515625
650,-241.740097045898,230.150695800781,2368.38110351563
651,-245.376525878906,231.268737792969,2366.36303710938
652,-359.074615478516,259.852600097656,2346.19189453125
653,-366.969116210937,262.620483398438,2345.578125
654,-373.940093994141,263.547607421875,2344.4560546875
655,-382.124786376953,266.958709716797,2348.47827148438
656,-391.678253173828,266.353271484375,2351.33959960938
657,-400.630615234375,264.354339599609,2347.58129882812
658,-408.894104003906,264.208709716797,2351.93383789063
659,-416.253326416016,266.408813476562,2350.71142578125
660,-647.811157226562,316.667938232422,2292.30078125
661,-656.53125,316.148040771484,2292.30297851562
662,-663.181030273438,310.864501953125,2287.1845703125
663,-667.081604003906,308.149597167969,2287.3642578125
664,-670.356140136719,310.085510253906,2283.04296875
665,-673.124633789062,312.868560791016,2282.60107421875
666,-680.09765625,311.841644287109,2277.71240234375
667,-691.669067382812,313.241546630859,2277.0927734375
668,-621.814819335937,324.165161132813,2287.09130859375
669,-612.615966796875,323.477020263672,2292.64916992187
670,-599.418762207031,324.360595703125,2294.63818359375
671,-591.834411621094,324.093383789062,2296.41357421875
672,-581.656311035156,324.032104492187,2299.97973632813
673,-571.944580078125,323.083862304688,2297.89477539062
674,-563.14990234375,324.229888916016,2302.7412109375
675,-551.356201171875,321.483154296875,2306.5771484375
676,-321.203826904297,262.444641113281,2335.71411132812
677,-315.882141113281,263.009338378906,2334.50073242188
678,-307.548492431641,253.919418334961,2339.03173828125
679,-303.389373779297,246.590637207031,2342.82788085938
680,-296.994171142578,242.596832275391,2345.60205078125
681,-289.593536376953,237.73811340332,2347.09643554688
682,-285.823791503906,234.503021240234,2346.40380859375
683,-283.820770263672,232.595321655273,2345.85009765625
684,-218.12353515625,232.802749633789,2360.75170898438
685,-214.131622314453,232.552932739258,2357.396484375
686,-211.286468505859,233.951309204102,2361.76123046875
687,-206.305633544922,231.269577026367,2362.84155273438
688,-199.619476318359,228.343826293945,2365.51049804688
689,-193.8095703125,225.765182495117,2370.3017578125
690,-190.514862060547,224.805801391602,2371.7412109375
691,-184.194549560547,227.703033447266,2371.29467773438
692,-81.9552764892578,204.01985168457,2387.38720703125
693,-80.0950088500976,204.828872680664,2384.427734375
694,-73.7364654541016,203.868637084961,2395.66137695313
695,-63.203125,206.477966308594,2405.33618164062
696,-57.0020599365235,208.881103515625,2406.53955078125
697,-54.0155944824219,210.862899780273,2409.4423828125
698,-52.271713256836,212.934280395508,2416.97509765625
699,-47.8176879882812,213.579864501953,2428.78588867187
700,-142.973815917969,199.203323364258,2366.63427734375
701,-148.64128112793,201.033996582031,2369.3447265625
702,-156.167419433594,203.714172363281,2369.43627929688
703,-159.437133789062,211.861206054688,2369.8125
704,-169.188659667969,221.136810302734,2360.20361328125
705,-177.548202514648,222.103286743164,2359.2734375
706,-184.169769287109,222.415985107422,2358.67822265625
707,-193.814880371094,225.60075378418,2355.81591796875
708,-326.424621582031,254.592819213867,2345.7802734375
709,-331.488616943359,259.208282470703,2340.86596679688
710,-336.673126220703,261.169616699219,2339.52490234375
711,-339.303527832031,262.074462890625,2338.89721679688
712,-342.765319824219,258.248962402344,2337.14892578125
713,-344.281677246094,254.859832763672,2334.9453125
714,-349.049377441406,253.919845581055,2338.48999023438
715,-351.827728271484,253.534698486328,2342.7392578125
716,-487.478698730469,296.436126708984,2329.9326171875
717,-499.258026123047,302.033599853516,2325.90112304688
718,-509.603515625,311.182006835938,2321.8642578125
719,-519.305236816406,317.656616210938,2319.06909179687
720,-528.448120117188,320.044891357422,2318.814453125
721,-538.44287109375,321.367462158203,2316.15844726562
722,-550.033813476563,322.040832519531,2313.9755859375
723,-561.935791015625,324.210571289062,2311.63110351563
724,-569.1259765625,325.330169677734,2309.00244140625
725,-710.621765136719,323.978820800781,2262.78759765625
726,-707.072875976563,324.092498779297,2268.78564453125
727,-704.269653320312,323.115325927734,2272.18359375
728,-700.458801269531,324.326904296875,2273.42016601562
729,-696.513427734375,325.891387939453,2274.51000976562
730,-685.8330078125,326.9228515625,2280.13354492188
731,-677.778076171875,325.622253417969,2279.18017578125
732,-664.904113769531,325.447845458984,2285.54150390625
733,-421.069580078125,321.979766845703,2338.67822265625
734,-412.959533691406,314.52490234375,2339.08959960938
735,-403.005859375,314.527679443359,2336.73754882812
736,-395.839324951172,310.663269042969,2337.84643554688
737,-382.460174560547,305.376800537109,2339.71728515625
738,-374.042877197266,302.853088378906,2345.31567382813
739,-361.950622558594,300.971710205078,2349.25927734375
740,-354.618103027344,299.096038818359,2348.14379882812
741,-257.384399414062,272.702209472656,2371.56591796875
742,-256.722961425781,272.527465820313,2372.861328125
743,-254.308776855469,271.171264648438,2370.30249023438
744,-251.73974609375,269.319885253906,2370.32275390625
745,-252.267852783203,269.345916748047,2371.2587890625
746,-250.512664794922,267.939880371094,2368.291015625
747,-246.974060058594,267.180236816406,2366.6123046875
748,-241.596282958984,268.59912109375,2374.56225585938
749,-86.7967834472656,214.550323486328,2388.96069335938
750,-83.1210784912109,207.827178955078,2388.74340820312
751,-75.7527923583984,213.701324462891,2392.9453125
752,-71.7618103027344,222.117797851562,2399.30908203125
753,-65.3537445068359,221.720901489258,2411.03466796875
754,-61.6192932128906,220.159530639648,2410.91552734375
755,-57.745361328125,216.936248779297,2413.57348632812
756,-54.3855285644531,213.321395874023,2412.8115234375
757,-73.0137786865234,186.119705200195,2388.57934570312
758,-76.1927337646484,190.38249206543,2384.82397460938
759,-77.5700531005859,193.482131958008,2381.6103515625
760,-80.1633758544922,201.871063232422,2376.63745117188
761,-85.0771636962891,210.937255859375,2381.22143554688
762,-89.3885192871094,218.102905273438,2382.85375976562
763,-91.3018341064453,221.646987915039,2378.17041015625
764,-98.0479965209961,227.761581420898,2376.92333984375
765,-252.197494506836,248.223907470703,2329.42138671875
766,-253.730682373047,250.496643066406,2330.31787109375
767,-256.252716064453,250.970062255859,2331.09887695312
768,-261.444274902344,254.420074462891,2334.91015625
769,-266.817657470703,254.395355224609,2330.79125976562
770,-274.751434326172,258.483154296875,2332.2041015625
771,-278.835357666016,261.314575195313,2331.94116210938
772,-277.733062744141,263.233673095703,2330.3447265625
773,-383.235290527344,282.488342285156,2323.89428710938
774,-396.303070068359,287.447326660156,2324.0146484375
775,-403.65380859375,290.454742431641,2326.4697265625
776,-411.972473144531,295.170623779297,2326.04077148438
777,-424.626647949219,294.394317626953,2323.8232421875
778,-431.346130371094,293.028167724609,2322.13818359375
779,-440.815185546875,300.897430419922,2321.55810546875
780,-453.624572753906,306.504699707031,2320.34838867188
781,-685.63134765625,345.202819824219,2269.97119140625
782,-693.550903320312,346.155944824219,2266.74487304687
783,-698.233215332031,345.439361572266,2264.23168945312
784,-708.02294921875,340.572784423828,2259.98681640625
785,-715.375122070312,331.746459960937,2256.21801757813
786,-719.135925292969,326.651245117188,2255.3271484375
787,-717.402587890625,324.795989990234,2251.90014648438
788,-718.974670410156,322.761779785156,2250.09887695312
789,-488.426208496094,328.964660644531,2332.11059570312
790,-475.945465087891,330.228485107422,2336.20458984375
791,-466.395355224609,333.433898925781,2338.23388671875
792,-454.094055175781,332.84619140625,2340.58520507812
793,-444.137908935547,331.505889892578,2340.23315429688
794,-435.341705322266,329.075408935547,2347.185546875
795,-430.018463134766,326.297485351562,2349.08740234375
796,-415.324462890625,316.891632080078,2347.53637695313
797,-254.660949707031,270.790924072266,2365.39624023438
798,-254.036773681641,270.608795166016,2369.83447265625
799,-249.119842529297,269.122650146484,2368.31958007813
800,-243.501174926758,268.006256103516,2369.07861328125
801,-245.133453369141,268.759460449219,2365.98046875
802,-243.783447265625,267.439788818359,2359.8076171875
803,-245.127883911133,268.278564453125,2359.33715820313
804,-243.896881103516,265.603149414062,2364.65869140625
805,-151.802795410156,236.588958740234,2379.880859375
806,-144.799514770508,235.437347412109,2376.89672851562
807,-133.536071777344,234.935592651367,2378.22778320312
808,-126.597160339355,236.089508056641,2383.796875
809,-126.088638305664,232.262344360352,2381.77709960938
810,-125.904403686523,229.192092895508,2383.94116210938
811,-120.763168334961,232.132629394531,2386.87109375
812,-113.944496154785,235.135604858398,2389.69506835938
813,-70.3468170166015,127.409851074219,2401.05712890625
814,-71.3341522216797,124.495864868164,2400.01611328125
815,-73.3485717773438,144.086624145508,2401.03393554688
816,-76.5203018188476,167.901184082031,2405.83056640625
817,-78.7884216308594,184.290054321289,2409.96435546875
818,-83.5929107666015,196.229187011719,2415.63818359375
819,-85.8480529785156,203.034866333008,2420.013671875
820,-99.0835876464844,205.9208984375,2414.90942382812
821,-256.190795898438,248.119430541992,2361.55053710938
822,-257.833740234375,251.3359375,2366.59057617188
823,-267.084808349609,254.089767456055,2362.02880859375
824,-274.591156005859,260.541687011719,2365.76049804687
825,-278.652801513672,265.976043701172,2367.40942382812
826,-281.916198730469,267.089630126953,2359.17846679687
827,-287.364593505859,257.622772216797,2362.0556640625
828,-294.340698242187,250.485656738281,2365.04052734375
829,-405.540161132813,263.319946289063,2353.47143554688
830,-414.774993896484,265.763092041016,2352.69018554688
831,-422.085021972656,273.183349609375,2352.310546875
832,-432.091766357422,282.156005859375,2351.05249023438
833,-437.204254150391,288.329437255859,2348.83056640625
834,-446.434356689453,288.799285888672,2351.52734375
835,-457.128356933594,290.796295166016,2346.92456054688
836,-468.040557861328,291.695068359375,2340.34375
837,-699.36376953125,290.607421875,2280.48413085938
838,-701.943603515625,286.790863037109,2277.05981445312
839,-708.973815917969,287.141723632813,2272.41137695313
840,-717.454223632812,288.897705078125,2271.28466796875
841,-722.213684082031,290.493835449219,2269.46215820313
842,-724.511474609375,291.391479492187,2267.23046875
843,-726.678100585938,292.282409667969,2269.359375
844,-718.267333984375,292.076171875,2272.8505859375
845,-487.671081542969,329.671600341797,2342.45385742188
846,-479.064910888672,330.203277587891,2345.37646484375
847,-468.882751464844,327.983154296875,2346.66870117187
848,-462.144897460938,325.389831542969,2351.50146484375
849,-452.682495117188,326.8662109375,2351.77783203125
850,-441.682281494141,321.006469726562,2361.57104492188
851,-433.966857910156,320.744201660156,2362.37377929688
852,-428.439453125,321.090576171875,2363.84423828125
853,-260.286804199219,276.245025634766,2391.84252929688
854,-261.07666015625,276.638977050781,2389.35668945312
855,-258.152099609375,275.256774902344,2389.77978515625
856,-256.720367431641,274.2724609375,2390.8701171875
857,-256.159027099609,273.824829101563,2393.75048828125
858,-253.465026855469,274.149291992188,2396.53564453125
859,-254.494781494141,273.944946289063,2396.70092773438
860,-255.186157226562,273.733703613281,2396.7734375
861,-216.697631835938,237.376480102539,2395.43872070312
862,-217.502395629883,236.73518371582,2394.9150390625
863,-216.90217590332,237.57389831543,2394.20971679688
864,-207.256469726562,241.146621704102,2396.75561523438
865,-196.598510742188,240.524627685547,2398.10009765625
866,-190.926666259766,239.467681884766,2402.0537109375
867,-185.250793457031,238.226837158203,2398.689453125
868,-179.852096557617,238.295669555664,2405.56591796875
869,-62.7887878417969,121.206451416016,2422.04614257813
870,-63.3786163330078,116.689788818359,2416.85375976562
871,-63.4827728271484,114.890167236328,2415.25463867188
872,-58.1446838378906,134.622955322266,2418.86572265625
873,-53.5420684814453,162.912109375,2427.87182617188
874,-51.7091369628906,183.691955566406,2434.52514648438
875,-50.2145385742188,195.759002685547,2438.3154296875
876,-46.5421447753906,199.928283691406,2443.63696289062
877,-149.300079345703,235.703674316406,2382.01220703125
878,-157.736206054688,238.7626953125,2380.91137695313
879,-164.073272705078,240.843246459961,2378.60693359375
880,-176.082611083984,240.699523925781,2375.1708984375
881,-185.333435058594,240.183792114258,2371.4853515625
882,-195.622787475586,236.930572509766,2367.89599609375
883,-208.526153564453,236.868591308594,2361.87060546875
884,-215.476806640625,237.206359863281,2360.212890625
885,-341.300567626953,264.771057128906,2338.99853515625
886,-345.145690917969,264.250732421875,2341.81323242188
887,-350.123840332031,266.086944580078,2340.10888671875
888,-352.396881103516,267.627502441406,2338.59692382812
889,-353.096374511719,268.504028320313,2337.08178710938
890,-362.223388671875,266.63330078125,2338.27319335938
891,-371.067047119141,265.450439453125,2339.43310546875
892,-376.238800048828,264.266418457031,2341.294921875
893,-595.202575683594,310.009765625,2291.0537109375
894,-607.290344238281,310.101989746094,2288.2236328125
895,-618.045532226563,309.445678710938,2283.97705078125
896,-630.67578125,312.333801269531,2283.88598632812
897,-637.267761230469,314.8076171875,2281.75439453125
898,-644.662231445312,315.852905273438,2279.73706054688
899,-655.808837890625,309.900451660156,2276.67309570312
900,-662.224304199219,301.527526855469,2275.74072265625
901,-590.656921386719,323.535217285156,2296.5205078125
902,-579.677917480469,323.863098144531,2301.6044921875
903,-567.557861328125,324.863708496094,2305.74438476562
904,-561.741333007813,325.500457763672,2310.73193359375
905,-552.655700683594,324.963287353516,2314.03784179687
906,-540.470581054688,324.568298339844,2315.822265625
907,-531.585998535156,325.351531982422,2317.65795898438
908,-319.982177734375,280.254730224609,2363.08325195312
909,-311.714447021484,269.625701904297,2361.7255859375
910,-301.323760986328,270.466339111328,2362.72314453125
911,-194.15608215332,240.815612792969,2383.05517578125
912,-184.913970947266,242.694290161133,2388.14794921875
913,-173.915771484375,241.517120361328,2387.48876953125
914,-161.764633178711,238.952239990234,2390.29150390625
915,-155.351531982422,237.585952758789,2392.61767578125
916,-152.369964599609,236.765686035156,2391.890625
917,-141.590408325195,237.42414855957,2390.51098632812
918,-128.769714355469,236.081359863281,2392.13940429688
919,-57.9320068359375,227.11555480957,2428.0234375
920,-80.0746002197265,172.750274658203,2405.50659179687
921,-81.2002105712891,168.22021484375,2399.56518554688
922,-83.7400970458985,194.279190063477,2405.08447265625
923,-88.6702499389648,211.205825805664,2402.71923828125
924,-96.2173767089844,224.722595214844,2398.85571289063
925,-104.963516235352,232.293792724609,2392.3525390625
926,-113.032333374023,235.957427978516,2386.86547851562
927,-326.367492675781,263.676544189453,2336.69677734375
928,-330.631500244141,263.952575683594,2335.92138671875
929,-336.242065429688,263.747131347656,2336.9638671875
930,-339.025939941406,263.387420654297,2336.63989257813
931,-340.365447998047,263.13623046875,2336.498046875
932,-343.391784667969,263.007873535156,2337.00512695313
933,-345.012664794922,262.845397949219,2337.10620117187
934,-348.170288085938,258.889892578125,2334.95239257813
935,-521.098876953125,275.288818359375,2294.49829101562
936,-529.855590820312,275.348175048828,2289.2685546875
937,-546.271667480469,273.287078857422,2285.28149414062
938,-560.907287597656,277.467102050781,2281.66552734375
939,-572.073364257813,279.846832275391,2280.58642578125
940,-584.152709960938,283.668640136719,2276.94799804688
941,-594.5927734375,284.568969726562,2275.77319335938
942,-608.091369628906,283.316528320312,2274.09228515625
943,-735.030456542969,282.507934570312,2267.83471679688
944,-729.334045410156,284.830139160156,2273.6533203125
945,-718.37255859375,285.152404785156,2273.70483398438
946,-711.727783203125,285.905944824219,2276.34301757813
947,-705.62939453125,287.807586669922,2273.96069335938
948,-695.218627929688,286.106628417969,2274.99145507813
949,-682.66845703125,289.415496826172,2277.44677734375
950,-360.078979492187,278.90283203125,2343.73217773438
951,-341.755706787109,274.869018554687,2344.0498046875
952,-328.197998046875,270.533447265625,2346.4228515625
953,-311.531829833984,270.247985839844,2344.86157226563
954,-301.706237792969,269.885314941406,2349.03662109375
955,-292.870239257812,268.612670898438,2353.81103515625
956,-108.792579650879,209.612335205078,2407.34252929688
957,-105.182304382324,208.2490234375,2410.82421875
958,-96.5540390014648,208.465148925781,2417.19311523438
959,-90.9262313842774,208.655090332031,2424.14990234375
960,-87.9317321777344,208.776947021484,2424.3154296875
961,-84.789077758789,205.474075317383,2428.5068359375
962,-87.3117980957031,156.32942199707,2418.01049804688
963,-86.9727783203125,124.192352294922,2407.65209960938
964,-119.428092956543,204.737045288086,2391.01684570312
965,-133.301574707031,204.781234741211,2385.4736328125
966,-140.986557006836,203.464797973633,2384.9189453125
967,-148.352020263672,204.587921142578,2385.39599609375
968,-152.923065185547,205.317031860352,2385.61669921875
969,-162.056976318359,208.070373535156,2385.67114257813
970,-168.672714233398,205.922821044922,2381.37182617188
971,-179.948486328125,212.096862792969,2377.34350585938
972,-186.403594970703,217.752700805664,2376.28833007812
973,-317.715301513672,239.355163574219,2357.1796875
974,-317.926849365234,238.790710449219,2361.9267578125
975,-321.013671875,238.540313720703,2360.6767578125
976,-323.159332275391,239.108123779297,2360.92846679687
977,-326.618408203125,239.193817138672,2358.06103515625
978,-333.505950927734,243.119049072266,2356.53100585938
979,-342.518951416016,241.409942626953,2352.130859375
980,-349.58642578125,245.726013183594,2346.94091796875
981,-662.880126953125,264.248199462891,2306.73022460938
982,-673.414001464844,262.454772949219,2306.73657226562
983,-683.621337890625,259.6142578125,2304.96337890625
984,-694.256713867188,259.451232910156,2302.30004882812
985,-703.150756835937,259.055023193359,2302.12768554687
986,-712.416137695312,259.5478515625,2295.34545898438
987,-721.902648925781,259.401763916016,2294.05419921875
988,-730.490051269531,257.323791503906,2290.23876953125
989,-543.419250488281,295.952819824219,2322.52709960938
990,-525.1240234375,295.741912841797,2324.18139648438
991,-509.172576904297,296.38671875,2327.07104492188
992,-495.138549804687,296.262603759766,2332.32592773438
993,-480.419128417969,295.85888671875,2334.33178710938
994,-464.335571289062,296.042633056641,2337.845703125
995,-452.833953857422,296.995269775391,2340.70581054688
996,-226.284332275391,227.693908691406,2364.50244140625
997,-223.164215087891,230.052124023438,2357.7685546875
998,-222.171142578125,233.282089233398,2359.0888671875
999,-224.108825683594,237.037979125977,2364.53051757813
1000,-225.103607177734,239.177322387695,2365.5537109375
1001,-222.196014404297,238.438339233398,2366.234375
1002,-218.933547973633,236.471405029297,2367.97802734375
1003,-214.313659667969,234.684020996094,2364.06274414062
1004,-49.7124328613281,184.364776611328,2395.86938476562
1005,-46.4749450683594,177.38981628418,2394.93041992188
1006,-44.8079376220703,173.617218017578,2392.94409179687
1007,-41.2287292480469,168.083679199219,2392.72192382812
1008,-30.7166748046875,166.600601196289,2401.53540039062
1009,-21.8535461425781,168.549270629883,2413.52709960938
1010,-19.3515472412109,176.41845703125,2420.5283203125
1011,-16.3368835449219,181.542327880859,2423.48852539062
1012,-15.9234466552734,183.887435913086,2423.61376953125
1013,-179.991241455078,219.2021484375,2343.08935546875
1014,-192.080047607422,222.063385009766,2340.49731445313
1015,-202.152847290039,225.171875,2338.8447265625
1016,-212.832611083984,230.751647949219,2340.91284179687
1017,-222.754211425781,233.117614746094,2333.26684570312
1018,-233.551696777344,231.891479492188,2330.22534179687
1019,-242.848342895508,232.656143188477,2327.59350585938
1020,-251.550476074219,232.289672851562,2326.58447265625
1021,-417.775787353516,259.149291992188,2314.63452148438
1022,-425.169616699219,258.470764160156,2313.20581054688
1023,-435.085113525391,260.898742675781,2314.66430664062
1024,-449.102813720703,260.850463867188,2314.72387695312
1025,-458.415100097656,259.867309570312,2313.9013671875
1026,-467.480224609375,262.062469482422,2311.57299804688
1027,-477.039886474609,269.574523925781,2313.36206054688
1028,-485.4306640625,278.098846435547,2312.04418945312
1029,-705.628051757813,275.398986816406,2253.16772460938
1030,-714.800415039062,265.221527099609,2251.71044921875
1031,-717.91845703125,259.048522949219,2247.87817382813
1032,-727.389099121094,255.5849609375,2244.66357421875
1033,-737.50927734375,252.447601318359,2241.63940429688
1034,-746.162963867188,249.073822021484,2241.99291992188
1035,-751.076354980469,245.54997253418,2239.1064453125
1036,-754.159423828125,243.979904174805,2238.67016601562
1037,-444.451385498047,293.814880371094,2319.61108398438
1038,-432.452453613281,291.031433105469,2322.56982421875
1039,-421.637847900391,291.208526611328,2322.39453125
1040,-404.960144042969,290.059417724609,2323.67797851562
1041,-392.036560058594,280.394897460938,2327.30297851562
1042,-380.718109130859,271.196014404297,2327.8671875
1043,-366.138793945312,268.189422607422,2323.70874023438
1044,-355.033569335938,264.840484619141,2322.154296875
1045,-154.843231201172,237.537399291992,2370.76782226562
1046,-142.652038574219,232.525650024414,2370.48608398438
1047,-133.571838378906,228.092132568359,2375.45141601563
1048,-118.463088989258,220.481658935547,2375.3310546875
1049,-108.143829345703,222.806640625,2377.19165039062
1050,-97.2532958984375,223.005447387695,2384.19946289062
1051,-88.5470428466797,214.460250854492,2387.224609375
1052,-84.0120468139648,209.581024169922,2386.92504882812
1053,-241.752395629883,-488.215148925781,2284.64233398438
1054,-243.885864257812,-485.421112060547,2284.09790039062
1055,-247.233612060547,-484.884490966797,2277.37255859375
1056,-250.624694824219,-484.062652587891,2274.3193359375
1057,-258.242797851562,-479.313598632812,2276.21166992187
1058,-266.497894287109,-477.639465332031,2274.796875
1059,-272.793182373047,-478.304290771484,2273.7333984375
1060,-278.76513671875,-482.42529296875,2269.75756835938
1061,-166.022506713867,-443.824645996094,2098.884765625
1062,-157.875854492187,-439.484222412109,2088.88696289062
1063,-145.30712890625,-430.079406738281,2081.564453125
1064,-135.380798339844,-422.032531738281,2070.78344726562
1065,-125.772537231445,-416.547790527344,2059.39868164062
1066,-116.148384094238,-410.27099609375,2048.28881835937
1067,-108.240196228027,-407.678375244141,2034.90942382812
1068,-98.4822006225586,-403.392211914062,2021.44653320313
1069,99.835578918457,-407.614074707031,1655.76245117188
1070,107.708801269531,-374.060028076172,1630.11743164062
1071,126.082084655762,-347.002075195313,1581.365234375
1072,154.109237670898,-338.664184570313,1509.99621582031
1073,178.969467163086,-338.058441162109,1452.18505859375
1074,200.658752441406,-331.473175048828,1404.48645019531
1075,367.669952392578,-253.076690673828,1073.87634277344
1076,372.849426269531,-253.688262939453,1050.17236328125
1077,377.095397949219,-284.698852539063,1009.75732421875
1078,383.264221191406,-308.979431152344,958.58837890625
1079,398.887542724609,-333.102569580078,904.771423339844
1080,417.566711425781,-354.216247558594,859.83544921875
1081,433.754577636719,-375.452331542969,821.915771484375
1082,445.378967285156,-392.835144042969,786.1259765625
