19.418075561523434, -11.379882812500004, 1816.9218750000002
19.7333984375, -14.8203125, 1819.7810058593748
21.25576782226562, -16.971084594726562, 1816.5964355468748
28.823699951171868, -14.368133544921875, 1812.6936035156248
28.688201904296875, -9.974121093749998, 1814.493896484375
26.940399169921868, -9.797805786132809, 1813.165283203125
28.18000793457031, -8.10780334472656, 1812.392944335937
32.33038330078125, -2.812301635742187, 1814.081787109375
29.396774291992188, -4.727676391601563, 1814.8051757812505
30.673110961914066, -9.748901367187496, 1811.7664794921877
31.034500122070316, -8.094558715820312, 1813.37353515625
30.865142822265618, -7.017669677734376, 1812.28564453125
31.682937622070312, -5.91650390625, 1810.7435302734373
31.32389831542969, -5.5787353515625, 1813.2553710937502
32.094482421875, -10.23918151855469, 1815.4383544921877
29.649261474609375, -11.43037414550781, 1815.9345703125
31.760925292968746, -15.798858642578121, 1813.5133056640625
31.62289428710937, -15.838348388671871, 1812.281982421875
31.95700073242187, -18.764297485351562, 1807.5684814453125
29.577941894531246, -21.30924987792968, 1808.7639160156248
26.568527221679684, -26.151840209960934, 1811.6231689453123
22.585189819335927, -28.27571105957031, 1808.9672851562502
30.544464111328125, -20.68373107910156, 1805.0705566406252
28.7247314453125, -10.582702636718752, 1810.1795654296877
33.84754943847655, 16.171600341796875, 1813.5032958984373
32.87150573730469, 48.8757095336914, 1821.2525634765627
41.748046875, 75.74514770507812, 1828.8046875
33.965591430664055, 92.0986862182617, 1835.613525390625
32.15815734863281, 116.18145751953124, 1838.1806640625
35.838211059570305, 139.85095214843753, 1840.1932373046873
34.27510070800782, 156.27728271484372, 1848.50341796875
26.07186889648438, 171.83593750000003, 1862.25
24.193145751953125, 187.86572265625, 1869.9932861328123
22.750305175781246, 211.22987365722656, 1879.8226318359373
-4.9543304443359375, 138.81518554687497, 1894.4974365234373
34.141525268554695, 279.8486328125, 1912.1881103515623
29.06710815429688, 300.32150268554693, 1927.5687255859375
-4.986465454101564, 233.1965637207031, 1917.865966796875
-28.799301147460934, 241.28651428222656, 1948.1606445312498
-20.573135375976562, 273.9694519042969, 1946.6661376953123
-24.21421813964844, 285.33349609375006, 1962.2945556640627
-29.633285522460938, 291.14306640625, 1966.6903076171873
-31.89549255371093, 296.5724487304688, 1972.5654296875
-20.44834899902343, 414.97039794921864, 2018.8239746093748
-29.908309936523427, 421.61776733398443, 2024.9378662109375
-29.289367675781243, 439.12005615234375, 2040.22607421875
-50.04341888427735, 431.93707275390625, 2049.096435546875
-56.49513244628907, 421.4129028320313, 2065.8283691406245
-49.73088836669922, 455.96374511718744, 2077.9514160156255
-61.405319213867195, 464.95001220703125, 2091.108642578125
-68.48499298095705, 472.42730712890625, 2097.4411621093755
-68.18041229248044, 484.2620544433594, 2071.4465332031255
-88.43724060058595, 479.0836181640625, 2086.875244140625
-89.87516021728514, 490.21832275390625, 2093.05419921875
-91.39891052246092, 494.7100830078125, 2096.66845703125
-88.54888916015625, 494.16259765625, 2104.9973144531255
-85.41063690185548, 504.3892517089843, 2110.973144531251
-84.75473785400388, 492.3795471191407, 2109.3176269531255
-80.54144287109375, 493.7661132812499, 2109.8437500000005
-67.62502288818358, 496.8209838867188, 2105.2067871093745
-70.42942810058592, 490.6947021484375, 2107.9697265625005
-66.28756713867188, 484.90557861328125, 2098.7072753906245
-56.23436737060547, 477.6531982421874, 2085.065185546875
-51.357086181640604, 472.156982421875, 2088.337890625
-52.5108413696289, 451.70208740234375, 2076.124267578125
-48.729629516601555, 454.2968444824219, 2083.0986328125005
-40.7169189453125, 437.4815063476562, 2078.4130859375005
-43.086074829101555, 436.50991821289057, 2079.214599609375
-41.05453491210938, 429.3866271972656, 2069.7885742187495
-33.399948120117195, 417.4261474609374, 2065.394287109375
-37.487060546875, 400.21722412109375, 2061.012939453125
-37.00167846679687, 393.940673828125, 2052.1123046875005
-25.781906127929688, 388.4755554199219, 2048.4121093750005
-20.770858764648445, 386.9279174804687, 2047.517822265625
-24.698394775390625, 366.89501953124994, 2040.0677490234375
-19.151687622070316, 355.6027221679688, 2029.5092773437502
-12.6129150390625, 353.1986083984375, 2026.7459716796877
-16.772323608398434, 332.0234985351563, 2013.0968017578125
-6.740859985351564, 313.54083251953136, 1996.368896484375
-8.51206970214844, 306.377899169922, 1986.7646484374998
-11.822433471679691, 291.1898803710938, 1977.7432861328123
1.8791198730468752, 292.05621337890625, 1976.0855712890627
2.530471801757813, 283.8948974609375, 1966.5659179687502
10.983245849609377, 272.98876953124994, 1956.9257812500002
12.18666076660156, 263.22265624999994, 1952.8524169921873
13.151962280273438, 253.1546630859375, 1948.4910888671875
22.84913635253906, 245.72634887695318, 1947.1490478515623
26.854507446289066, 236.68244934082037, 1940.85693359375
24.47666931152343, 225.85949707031253, 1934.689453125
29.70710754394531, 218.5100860595703, 1929.9780273437502
33.09823608398438, 207.24406433105466, 1920.351806640625
33.005401611328125, 177.62971496582028, 1919.344116210937
40.32505798339844, 164.72846984863284, 1918.4592285156248
44.55136108398437, 154.94834899902347, 1914.0576171875002
44.57763671875, 141.2721557617187, 1903.908935546875
40.020233154296875, 127.5330047607422, 1897.06689453125
43.17228698730469, 114.59761047363283, 1895.94189453125
43.46580505371094, 103.35285186767577, 1891.5364990234375
46.91751098632813, 96.75390625, 1884.5572509765625
49.49562072753906, 87.1750030517578, 1885.26318359375
40.723175048828146, 70.5428237915039, 1881.8962402343745
34.220840454101555, 60.11392974853516, 1876.9714355468748
42.37814331054688, 58.155937194824226, 1872.1608886718748
36.027847290039055, 36.90380859374999, 1874.257080078125
55.86766052246094, 27.026550292968746, 1869.8302001953123
45.16650390625001, -3.5942764282226562, 1860.4830322265623
49.88372802734374, -3.8779830932617188, 1861.259033203125
52.39175415039062, -4.6225433349609375, 1863.5233154296875
50.350891113281236, -9.235557556152346, 1866.8111572265625
47.62393188476563, -12.813331604003906, 1865.2465820312502
50.398590087890625, -16.169479370117184, 1864.0054931640627
54.403717041015625, -17.317291259765625, 1866.0223388671873
49.21916198730469, -21.956237792968746, 1863.62158203125
55.17477416992188, -23.02926635742187, 1863.5865478515625
57.54269409179687, -22.67302703857422, 1863.8529052734373
47.81134033203125, -27.0354995727539, 1861.9769287109375
51.61041259765624, -27.98073577880859, 1863.1373291015625
56.71246337890625, -30.898475646972656, 1861.1816406249998
56.555297851562486, -30.748229980468743, 1859.9301757812505
53.96231079101563, -30.98403930664062, 1857.7635498046875
51.70901489257814, -26.79486846923829, 1862.1370849609375
49.672760009765625, -23.14866638183593, 1861.0721435546873
48.67205810546876, -14.278442382812498, 1866.0764160156248
47.54820251464844, -6.744384765624999, 1866.3648681640625
45.983795166015625, 0.11900329589843749, 1871.2275390625002
49.37667846679687, 13.334770202636719, 1871.2354736328125
49.567535400390625, 23.69464111328125, 1876.5916748046875
12.572525024414062, -32.76052093505861, 1857.3372802734373
38.431762695312486, 71.39237976074219, 1884.0257568359375
38.708038330078146, 111.75369262695311, 1902.4230957031252
29.350555419921875, 123.86219787597655, 1909.7152099609377
28.19821166992187, 143.61334228515622, 1926.1771240234373
-33.16279602050782, 82.91481018066406, 1899.4864501953125
-30.78076171875, 95.66222381591798, 1907.0322265624998
-25.678115844726562, 123.56038665771483, 1930.6181640625
-23.4271240234375, 125.83379364013672, 1941.1008300781248
-27.632919311523434, 130.95190429687497, 1950.5666503906252
21.679153442382816, 223.11819458007812, 1982.4423828124998
45.67231750488281, 276.9575805664063, 2010.011962890625
56.72573852539063, 310.3006591796875, 2028.3894042968745
53.860977172851555, 359.207275390625, 2060.357666015625
53.67013549804688, 388.8526611328126, 2081.3139648437505
54.54441833496095, 417.5473022460937, 2102.1071777343755
56.87857055664062, 436.333740234375, 2119.6220703125
54.44775390625, 449.21154785156244, 2131.4667968750005
56.4839630126953, 464.8225708007813, 2141.6708984375
47.08740234375, 476.50933837890625, 2150.40380859375
47.001220703125, 485.70257568359375, 2160.847900390625
48.220169067382805, 495.20822143554693, 2174.2338867187495
49.315460205078125, 507.0270385742187, 2180.3012695312505
44.794097900390625, 514.6473388671876, 2185.0366210937495
41.89834594726563, 520.0087890625001, 2194.648193359375
36.948898315429695, 528.4465942382812, 2206.68505859375
42.09329223632814, 534.3945922851562, 2215.4379882812505
38.873245239257805, 540.1640625, 2229.73291015625
39.041030883789055, 553.4919433593751, 2240.387939453125
39.92295837402345, 559.6039428710939, 2249.2734375000005
36.45143127441405, 569.7773437500001, 2256.72021484375
34.48660278320312, 576.3762207031249, 2265.5512695312505
15.09611511230469, 600.9600830078125, 2272.2543945312505
8.595993041992188, 601.9817504882812, 2274.2814941406245
3.416824340820313, 594.8233032226564, 2268.133544921875
12.512435913085943, 587.0590209960938, 2263.4472656249995
15.107635498046875, 579.33154296875, 2262.8217773437505
25.760070800781243, 578.5691528320311, 2264.867431640625
28.232025146484375, 568.3492431640624, 2257.8564453125
30.436462402343746, 560.302001953125, 2252.7229003906245
32.88041687011719, 550.318115234375, 2235.711181640625
35.31030273437501, 540.0294189453125, 2218.76953125
33.870925903320305, 533.6763305664065, 2213.620605468749
35.79103088378906, 519.8382568359373, 2205.9882812499995
32.84890747070312, 512.91845703125, 2200.6318359375005
21.145660400390625, 494.63427734375006, 2189.9064941406245
20.689651489257816, 483.6022338867188, 2181.748046875
26.039123535156246, 485.9369812011718, 2179.892578125
31.366729736328118, 486.7618713378906, 2178.579345703125
29.86119079589844, 482.426300048828, 2164.0493164062505
29.59762573242187, 473.1620178222656, 2158.1943359375005
19.2647705078125, 466.9046020507813, 2158.0646972656245
23.020553588867184, 462.1668701171875, 2152.338623046875
28.39866638183593, 457.7949829101563, 2146.700927734375
29.07598876953125, 456.4575805664063, 2142.9028320312505
32.251205444335945, 454.1224975585937, 2138.2690429687495
40.99794006347655, 449.24822998046875, 2136.8798828125005
41.84208679199218, 447.5364990234375, 2140.4260253906245
46.14465332031249, 439.717041015625, 2130.1857910156245
43.25314331054688, 431.5972290039063, 2125.34716796875
39.55352783203125, 424.75006103515636, 2118.855712890626
31.952667236328118, 419.2588500976563, 2115.5673828125005
27.27151489257812, 412.80822753906256, 2109.3312988281255
27.710220336914062, 401.3332824707031, 2102.054443359375
35.896804809570305, 395.9937133789062, 2096.406005859375
36.16386413574218, 389.3502807617188, 2090.4558105468755
39.09893798828126, 379.4454345703125, 2087.5366210937495
42.71211242675782, 372.2653198242187, 2084.9235839843755
46.44786071777343, 362.1773376464843, 2076.81494140625
47.87539672851563, 358.9869995117187, 2065.7961425781255
45.748947143554695, 348.65093994140625, 2056.73291015625
46.981292724609375, 338.5394287109375, 2052.321533203126
50.48858642578124, 328.5458984375, 2045.52197265625
50.80212402343749, 318.5225524902343, 2041.881591796875
53.2745361328125, 316.2401428222656, 2037.3796386718748
55.65724182128905, 304.30426025390636, 2033.1191406249998
55.17556762695313, 295.16247558593756, 2022.0123291015625
57.2281494140625, 286.91210937499994, 2014.5029296875
57.05879211425781, 273.252685546875, 2008.1295166015625
58.05177307128905, 262.1677551269532, 2002.9465332031252
64.23332214355466, 254.48814392089844, 1999.62353515625
68.01237487792966, 244.81056213378903, 1992.488037109375
73.38769531249999, 236.08836364746097, 1987.6120605468748
79.34350585937501, 226.34530639648443, 1985.23388671875
81.13890075683592, 212.65621948242193, 1977.9672851562502
79.1715393066406, 199.8193359375, 1972.4832763671875
79.78330993652342, 184.32131958007818, 1966.6068115234375
80.57183837890624, 173.66253662109378, 1960.749267578125
88.76548767089844, 164.84619140625, 1960.4294433593748
86.55993652343749, 153.77769470214835, 1955.449462890625
89.08238220214842, 145.4925537109375, 1952.1989746093748
92.96783447265625, 132.98649597167974, 1949.89501953125
98.32339477539061, 124.76234436035155, 1947.5908203124998
98.00097656249999, 116.26142883300781, 1943.3361816406252
101.18124389648436, 102.14573669433594, 1941.18115234375
102.93212890625, 94.30205535888669, 1939.509033203125
102.59530639648435, 85.6167526245117, 1938.669189453125
104.2566223144531, 73.07198333740233, 1935.3632812499998
104.90162658691408, 48.023696899414055, 1920.308837890625
103.66271972656249, 39.80912017822265, 1914.3613281249998
102.29113769531253, 34.54978942871094, 1907.7265625000002
102.11805725097655, 31.247909545898438, 1902.321533203125
98.67071533203122, 21.351654052734375, 1897.4191894531252
94.56280517578124, 11.042091369628906, 1889.8142089843748
93.57528686523438, 8.103721618652344, 1885.1888427734373
94.77131652832031, 4.4493331909179705, 1880.8128662109373
96.74601745605467, -8.194358825683592, 1874.0274658203125
97.30618286132811, -16.400062561035153, 1871.84521484375
97.05758666992189, -21.27757263183593, 1870.2707519531252
98.69427490234376, -27.233695983886722, 1868.5208740234375
99.22933959960938, -39.35695648193359, 1866.60009765625
97.88803100585936, -44.99274444580078, 1863.3251953125
96.58700561523439, -47.604591369628906, 1859.552001953125
95.37733459472653, -50.197921752929695, 1855.9365234375002
94.30104064941406, -52.10400390625, 1853.9616699218752
93.90542602539062, -54.53453063964844, 1852.20849609375
92.787353515625, -54.588043212890625, 1848.075439453125
92.45498657226561, -52.992240905761726, 1843.3822021484373
92.71510314941406, -51.85393524169922, 1840.6300048828123
93.14227294921876, -51.124473571777344, 1838.2277832031252
93.6382293701172, -50.80231475830078, 1838.3820800781248
93.63906860351561, -51.95579528808595, 1839.2069091796877
92.78497314453125, -51.36158752441405, 1838.249755859375
91.84568786621094, -49.577865600585945, 1839.1724853515623
91.44299316406251, -48.719779968261726, 1838.5947265624998
91.60592651367186, -49.54553985595703, 1837.7336425781248
92.81593322753905, -51.51400756835937, 1837.5839843749998
93.34774780273436, -50.92688751220702, 1837.0212402343745
93.62448120117188, -50.466087341308594, 1835.16259765625
94.0867004394531, -50.136940002441406, 1834.906005859375
94.44920349121098, -49.826187133789055, 1835.4350585937502
94.78073120117188, -51.437728881835945, 1837.1019287109373
94.59893798828125, -52.63753509521485, 1840.254150390625
93.63200378417969, -51.44654083251953, 1841.74462890625
95.52026367187503, -45.422096252441406, 1843.2259521484377
94.34373474121095, -36.604820251464844, 1844.9064941406252
93.34782409667969, -30.299606323242188, 1847.687744140625
92.03723144531253, -17.32344818115234, 1848.4075927734377
91.42898559570311, -8.247367858886719, 1851.7333984374998
91.28660583496094, 9.072052001953125, 1856.6500244140623
91.25987243652341, 30.516761779785156, 1862.7432861328123
84.03233337402342, 50.777084350585945, 1865.89990234375
83.19712829589845, 65.94888305664061, 1869.1433105468745
77.38247680664058, 83.86209869384766, 1873.4293212890625
73.65202331542966, 125.62461853027344, 1888.3095703125
72.73426818847656, 141.33195495605472, 1893.012939453125
71.71907043457031, 163.07673645019534, 1902.0224609374998
71.73260498046876, 184.34454345703128, 1909.5485839843752
69.08895874023438, 207.30711364746097, 1917.3508300781248
63.91722106933593, 245.62393188476562, 1940.88427734375
56.427032470703125, 274.2137145996093, 1951.828125
53.553070068359375, 301.02752685546875, 1968.176513671875
51.81651306152344, 322.70306396484375, 1980.0168457031252
51.12106323242189, 342.5225830078125, 1988.8083496093748
50.38002014160155, 356.3169860839844, 1996.7717285156248
45.72312927246095, 370.83715820312494, 2003.4252929687502
43.16453552246095, 388.39181518554693, 2019.6982421874998
38.11224365234374, 402.906463623047, 2029.5170898437502
33.88449096679687, 415.877899169922, 2037.3605957031252
37.51519775390624, 425.9098205566406, 2043.2067871093752
35.240234375, 438.6392517089843, 2050.37744140625
31.170333862304688, 451.68911743164057, 2056.145263671875
25.96394348144531, 461.5618286132813, 2063.00048828125
26.32119750976562, 476.73922729492193, 2072.302001953125
23.01065063476562, 487.76876831054693, 2073.9423828125005
22.642333984374993, 507.45605468749994, 2080.6660156249995
13.71372985839844, 518.1388549804688, 2080.22119140625
6.21356201171875, 524.5123291015624, 2081.4643554687495
-5.625350952148437, 525.4862670898436, 2082.177001953125
-4.2687530517578125, 533.6443481445312, 2077.9423828125005
-5.202606201171876, 543.1930541992188, 2079.489501953125
-7.483993530273438, 549.9093017578126, 2077.83984375
-8.652473449707033, 551.8144531249999, 2070.6796875
-12.060523986816404, 558.5020751953124, 2070.40625
-17.977172851562496, 555.6717529296877, 2072.41162109375
-21.740760803222653, 551.831787109375, 2071.6037597656245
-22.100608825683594, 549.7614746093751, 2073.2817382812505
-21.505851745605476, 546.146484375, 2075.3830566406255
-18.042549133300774, 549.3576660156248, 2076.8283691406245
-13.80122375488281, 552.3044433593751, 2075.0908203125
-6.67572784423828, 553.3004150390625, 2077.781005859375
-2.9420928955078125, 555.1829833984375, 2082.8139648437505
-1.103271484375, 548.9934082031251, 2077.027587890625
0.33451843261718756, 547.3528442382812, 2071.9934082031255
2.3030395507812504, 548.6859130859374, 2070.30419921875
-0.011749267578124998, 549.2642822265626, 2069.8298339843755
0.01287841796875, 551.7154541015625, 2073.022216796875
-1.8642272949218752, 553.240234375, 2074.463623046875
-3.1842651367187496, 553.2088623046876, 2073.076904296875
-3.8633117675781254, 552.630859375, 2070.9306640625
-4.202072143554689, 551.5902099609375, 2067.2919921875005
-4.443328857421876, 550.4678955078125, 2063.768310546875
-4.56439208984375, 549.5571899414061, 2060.7128906249995
-10.304039001464846, 545.5028076171876, 2060.59619140625
-11.364891052246096, 541.1455078124999, 2060.276123046875
-6.918975830078125, 532.6989135742189, 2057.54541015625
-2.73822021484375, 526.2645263671876, 2056.9328613281245
2.9778900146484375, 526.9012451171875, 2059.3090820312505
7.364654541015624, 525.3878784179688, 2053.9497070312505
7.21240234375, 523.3950805664064, 2053.705322265625
12.875045776367191, 516.6774902343751, 2051.7231445312505
11.831649780273438, 510.90374755859364, 2050.495117187501
10.583007812500002, 500.6209411621094, 2047.537353515625
13.754745483398438, 491.71240234375006, 2044.3720703124998
12.73614501953125, 483.60778808593756, 2043.9732666015625
14.354736328125004, 474.9614868164063, 2045.2532958984373
17.76786804199219, 469.76916503906256, 2043.4649658203125
24.591812133789062, 452.82299804687494, 2037.295166015625
26.463058471679688, 438.1734008789063, 2032.817626953125
28.851303100585934, 420.95458984375006, 2026.004150390625
35.986770629882805, 407.12826538085943, 2020.832275390625
33.927749633789055, 389.7804260253906, 2014.725341796875
34.384460449218736, 379.9763183593749, 2007.88671875
33.0718536376953, 361.00079345703125, 2002.26416015625
38.226226806640625, 344.3493041992188, 1996.672607421875
45.127777099609375, 331.22640991210926, 1989.5628662109373
49.79756164550781, 318.9984741210937, 1984.8792724609375
53.419342041015625, 310.367431640625, 1978.510986328125
53.90025329589844, 300.73245239257807, 1973.4218750000002
56.202880859375, 288.21722412109375, 1970.3876953125
61.31011962890625, 277.1789855957032, 1963.7626953125
65.45771789550781, 262.66213989257807, 1961.1988525390623
70.45188903808594, 251.47198486328125, 1958.5476074218752
80.42861938476562, 226.31510925292974, 1954.1010742187498
80.99116516113284, 211.67590332031247, 1949.7092285156248
80.20524597167969, 196.48866271972656, 1948.89306640625
80.92050170898438, 180.10968017578122, 1946.4235839843752
88.64668273925781, 166.3346557617187, 1939.950927734375
95.49903869628905, 154.1023712158203, 1937.649658203125
98.18905639648435, 123.2006378173828, 1928.6158447265625
100.91836547851562, 112.96186828613283, 1924.641357421875
102.76174926757812, 101.68869018554688, 1921.8643798828123
102.99551391601562, 92.90617370605467, 1918.0349121093748
108.06921386718751, 81.22396850585938, 1915.7917480468748
107.10586547851561, 68.87342071533203, 1914.0375976562502
106.61262512207031, 60.98680114746094, 1912.8032226562498
107.78327941894533, 52.306373596191406, 1908.4179687500002
111.4138641357422, 39.87292480468749, 1906.2103271484375
109.52629089355466, 31.788902282714837, 1904.5500488281248
108.13406372070312, 25.411651611328125, 1900.8575439453125
110.75416564941408, 14.1259765625, 1900.099609375
112.89352416992189, 6.022727966308593, 1898.3852539062502
113.19604492187501, -4.797698974609376, 1893.4501953125
114.82766723632811, -15.630310058593748, 1892.6784667968748
118.38871765136719, -19.81143188476562, 1892.0711669921875
120.97331237792966, -26.575050354003906, 1885.599609375
123.92721557617189, -35.48725128173827, 1885.4268798828127
117.06173706054688, -44.85154724121093, 1885.5079345703123
110.97595214843749, -50.11676025390624, 1882.818359375
106.84979248046875, -57.86363983154297, 1881.7044677734375
109.00578308105467, -65.1566696166992, 1879.9750976562502
115.31762695312501, -70.09336853027344, 1878.1424560546873
112.14773559570311, -74.67645263671874, 1876.8598632812502
109.18133544921876, -79.10993957519531, 1877.1270751953125
111.04368591308594, -84.7240753173828, 1875.1622314453123
111.30255126953125, -92.15373229980466, 1874.1968994140625
106.2041778564453, -93.45561218261719, 1873.5546875
102.17562866210938, -96.53939819335936, 1873.644775390625
105.86862182617188, -95.90556335449219, 1874.1186523437502
112.05419921875, -92.52223205566403, 1871.84521484375
114.24420166015628, -91.12733459472653, 1871.5769042968748
114.56983947753905, -88.69236755371092, 1870.0805664062502
114.65081787109374, -88.34425354003908, 1870.1618652343748
114.56384277343749, -87.48667907714845, 1871.0783691406252
114.38717651367186, -88.40426635742188, 1870.909912109375
114.44441223144533, -87.29536437988281, 1871.653442382812
114.90348815917967, -88.19099426269531, 1872.19970703125
115.046142578125, -90.22504425048827, 1873.8878173828125
114.56317138671875, -88.41903686523439, 1872.637451171875
114.3197784423828, -88.61477661132811, 1873.005126953125
114.04101562500003, -89.08695983886719, 1874.0859375
113.93756103515626, -89.19869995117189, 1873.8022460937498
114.12554931640622, -87.89916229248045, 1871.908447265625
114.36006164550783, -88.57243347167967, 1873.522705078125
114.50068664550783, -87.6690673828125, 1873.7358398437502
114.7502136230469, -87.27090454101562, 1875.2728271484375
114.15304565429688, -86.68161010742186, 1875.1422119140623
117.26625061035156, -82.10134887695308, 1874.274658203125
120.16317749023438, -76.87433624267577, 1872.59765625
122.37220764160155, -68.17112731933594, 1873.6440429687498
122.85786437988281, -56.85929870605469, 1872.376708984375
119.64260864257811, -45.645011901855476, 1874.4071044921877
110.94706726074222, -35.6519317626953, 1876.7822265624998
109.74139404296876, -19.583854675292972, 1881.48291015625
106.92776489257811, -0.77801513671875, 1882.875732421875
103.08941650390625, 15.470993041992188, 1885.1060791015627
102.11309814453124, 32.02828979492189, 1887.8037109374998
99.78944396972656, 49.32011413574219, 1892.2880859375
99.31913757324219, 67.7583541870117, 1898.42431640625
94.35137939453124, 85.74209594726562, 1903.2661132812502
91.24971008300783, 106.58679962158203, 1910.0258789062502
91.52944946289061, 139.96090698242193, 1918.0313720703123
94.31654357910156, 166.4000549316406, 1927.7980957031252
92.2554931640625, 190.13673400878906, 1936.544189453125
87.00433349609375, 214.98941040039065, 1942.1989746093748
83.29824829101562, 239.95214843750006, 1949.4541015625
78.35174560546875, 289.8273315429687, 1965.4077148437502
76.92178344726562, 311.81219482421875, 1977.0947265624998
72.06608581542966, 332.7123413085937, 1985.5927734375
71.53762817382811, 354.5514221191407, 1994.41357421875
69.4645690917969, 371.74456787109375, 2002.537109375
64.74871826171876, 391.51602172851557, 2009.0422363281248
58.44772338867188, 407.8790893554688, 2017.2684326171873
54.64471435546875, 423.22262573242193, 2025.7602539062502
53.68524169921874, 440.07946777343756, 2034.0734863281248
50.361770629882805, 456.49591064453125, 2041.6408691406252
43.993072509765625, 468.7888488769531, 2044.6154785156248
37.30766296386718, 477.5112915039063, 2049.604736328125
33.11224365234374, 492.865478515625, 2051.52587890625
28.917221069335934, 505.77636718749994, 2052.822998046875
23.450653076171868, 510.96917724609364, 2055.3112792968755
19.05441284179687, 515.8300170898436, 2052.69921875
10.104309082031248, 528.3342895507812, 2054.4030761718755
3.6613998413085946, 536.362609863281, 2050.905029296875
-7.3920745849609375, 539.906982421875, 2049.6506347656245
-14.40614318847656, 540.0850830078126, 2048.682373046875
-23.361198425292976, 541.3326416015624, 2042.725830078125
-30.02261352539062, 539.6546020507812, 2044.5355224609377
-22.919548034667965, 541.2283325195315, 2042.681884765625
-24.586326599121083, 543.4749755859375, 2047.155517578125
-18.823257446289066, 543.8673095703125, 2045.0764160156248
-7.476898193359378, 543.2459716796877, 2043.3040771484375
-7.126831054687499, 538.5889282226564, 2043.052001953125
-8.424102783203123, 535.9466552734374, 2041.6192626953123
-2.536933898925781, 536.4117431640625, 2040.7034912109373
1.61798095703125, 536.9514160156249, 2037.058837890625
-2.9116363525390625, 536.3850708007812, 2038.7080078125
-4.92925262451172, 532.6586303710939, 2038.4370117187502
-12.24176025390625, 533.5142822265626, 2034.8413085937498
-15.978477478027346, 533.4327392578126, 2029.8843994140623
-18.157493591308594, 533.8648681640624, 2024.746337890625
-14.219451904296873, 537.0595703125, 2025.8726806640625
-15.673049926757812, 534.98095703125, 2026.2189941406252
-17.04460906982422, 532.6847534179689, 2026.845458984375
-13.935218811035154, 531.4291381835936, 2026.629150390625
-8.170822143554688, 524.2714843750001, 2027.361572265625
-9.703063964843748, 518.7240600585939, 2031.049072265625
-15.139205932617188, 513.7274169921875, 2027.4222412109373
-17.036102294921868, 509.87652587890625, 2026.6586914062502
-17.147323608398438, 504.2629699707031, 2025.063720703125
-15.229583740234373, 504.66516113281256, 2023.3687744140625
-13.68891906738281, 505.11376953125, 2019.9986572265627
-12.552581787109377, 504.6533203125, 2018.427978515625
-12.02174377441406, 504.6860046386719, 2018.9965820312502
-11.863677978515627, 503.859130859375, 2016.2808837890627
-11.737411499023438, 503.857177734375, 2016.4960937500002
-9.75048828125, 504.1233825683594, 2019.405029296875
-10.561096191406252, 504.4051513671874, 2019.12451171875
-11.12615966796875, 504.3380126953125, 2018.0913085937498
-11.128341674804688, 503.83538818359375, 2018.9885253906252
-8.193283081054688, 500.38854980468744, 2018.4774169921875
-7.551300048828126, 494.24133300781244, 2018.6074218749998
-10.8472900390625, 486.0362243652343, 2015.657958984375
-12.480438232421877, 486.53103637695307, 2013.6464843749998
-8.377334594726564, 484.6504821777345, 2015.42041015625
-6.15032958984375, 482.37805175781244, 2011.1322021484373
-4.357421874999999, 479.90936279296875, 2008.4799804687502
-0.8107452392578127, 484.81396484375006, 2007.2365722656252
-1.2079162597656248, 483.7114868164063, 2005.392578125
-2.1301727294921875, 481.87854003906256, 2004.0849609374998
-5.5908203125, 476.8290405273438, 2003.5903320312498
-9.021118164062496, 474.4154663085937, 2003.8763427734373
-9.193817138671873, 471.78594970703125, 2003.67626953125
-11.178192138671873, 470.20965576171875, 1998.4499511718752
-8.677947998046875, 472.48168945312494, 1997.746826171875
-5.934463500976563, 472.4799194335937, 1993.875
-7.0963897705078125, 469.7120361328125, 1989.814453125
0.6480712890625001, 470.07714843749994, 1993.8994140624998
1.6357574462890625, 466.17782592773443, 1995.3046875
-1.177001953125, 465.03625488281244, 1994.51416015625
-4.0670013427734375, 454.92907714843744, 1994.365966796875
-3.992462158203124, 448.13555908203125, 1991.3826904296875
-1.7475738525390623, 445.0859985351563, 1991.6938476562498
-4.409713745117189, 442.1410217285156, 1990.460205078125
5.5806884765625, 441.42483520507807, 1985.1247558593748
13.533523559570312, 433.3819885253906, 1977.3924560546873
17.97024536132812, 427.6540832519532, 1975.9979248046875
21.837600708007816, 422.86712646484375, 1976.08740234375
26.834747314453125, 417.2427978515625, 1974.9384765625
30.152084350585934, 410.2356262207031, 1973.752685546875
33.734268188476555, 399.6492919921875, 1972.1665039062502
32.6729736328125, 390.9600830078125, 1973.9781494140625
38.019134521484375, 384.7823486328125, 1974.8354492187498
40.028305053710945, 372.2544555664063, 1973.1713867187498
41.628570556640625, 363.8883056640625, 1973.537109375
42.34265136718749, 348.4987792968749, 1973.7055664062505
46.017181396484375, 337.2989501953125, 1967.6628417968748
48.15394592285156, 329.13244628906256, 1966.6015625
47.01594543457031, 320.9750061035156, 1963.9326171875002
48.08169555664061, 312.9409790039063, 1962.6545410156248
51.95140075683594, 305.86035156249994, 1959.963623046875
53.523132324218764, 295.6583862304688, 1958.7227783203125
53.996231079101555, 288.99066162109375, 1957.4674072265625
55.585037231445305, 280.81378173828125, 1956.331420898437
60.414718627929695, 270.3565673828125, 1952.4777832031252
64.78260803222653, 256.8038635253907, 1951.337646484375
71.24594116210938, 238.46011352539062, 1949.0133056640625
78.4018249511719, 225.68373107910153, 1942.6586914062502
84.77970886230466, 210.52781677246097, 1940.144775390625
85.53353881835936, 187.97966003417966, 1937.4459228515625
85.8262176513672, 171.9361877441406, 1932.0738525390623
89.76023864746094, 152.99166870117185, 1925.468017578125
97.64608764648436, 141.0542144775391, 1922.4189453125
97.56143188476561, 123.63462829589845, 1917.7841796875
100.26988220214844, 114.0310363769531, 1916.2368164062502
102.34141540527347, 102.43231201171875, 1915.70849609375
103.78160095214845, 90.48697662353516, 1913.85888671875
111.80752563476562, 68.83006286621094, 1910.418212890625
115.25318908691406, 49.52839660644531, 1907.2691650390625
116.98001098632812, 37.00096130371094, 1902.6595458984373
117.37713623046874, 29.859901428222663, 1901.813720703125
121.38345336914062, 19.10747528076172, 1897.2661132812502
123.91015625000001, 10.333480834960943, 1897.6888427734373
122.76855468750001, -2.774795532226563, 1893.7907714843752
123.37451171874999, -11.090400695800783, 1890.4990234375
123.30101013183594, -21.410057067871094, 1885.39306640625
120.52629089355466, -29.462829589843743, 1884.0103759765625
121.91543579101562, -37.16223144531249, 1880.3620605468748
122.79739379882812, -41.68392181396485, 1879.8159179687502
126.40327453613281, -46.410736083984375, 1876.6350097656252
125.58758544921878, -51.93892669677735, 1876.815185546875
122.99682617187501, -58.68986129760741, 1878.0678710937502
119.97973632812499, -62.7681121826172, 1878.144775390625
117.93075561523439, -65.01956939697267, 1877.2457275390625
116.91697692871095, -66.07215881347652, 1875.6804199218748
119.93061828613283, -68.77729797363281, 1877.869384765625
119.06686401367188, -69.29871368408205, 1877.84521484375
117.84405517578125, -69.75004577636719, 1878.436279296875
116.87368774414061, -68.46040344238283, 1877.019287109375
116.47146606445311, -68.0857467651367, 1879.04541015625
116.22650146484376, -67.84799194335939, 1878.88330078125
117.4768371582031, -64.75131225585938, 1881.1052246093748
117.93086242675781, -61.168601989746094, 1880.7360839843752
119.04904174804689, -60.52138519287111, 1879.9724121093748
119.73611450195312, -60.3488540649414, 1878.9873046875
119.96551513671875, -60.31207275390624, 1878.9986572265627
119.16113281249997, -63.37670135498047, 1877.3328857421877
118.12857055664058, -65.15469360351562, 1877.4014892578123
117.1915588378906, -66.3317642211914, 1876.7144775390623
117.74542236328125, -63.8089714050293, 1876.454345703125
117.95312500000001, -60.566680908203125, 1874.905029296875
120.08740234374999, -54.915649414062486, 1874.9567871093752
121.79418945312501, -50.104881286621094, 1874.64697265625
114.85833740234374, -39.721870422363274, 1873.0971679687502
113.26844787597655, -29.562202453613278, 1873.1497802734373
116.77362060546876, -14.58305358886719, 1877.6083984374998
112.95693969726562, 0.9769210815429686, 1876.98828125
106.09773254394531, 26.14514923095702, 1881.8640136718748
101.74644470214845, 55.550025939941406, 1888.06689453125
99.71496582031253, 83.89661407470705, 1892.740966796875
95.88633728027344, 110.03961944580081, 1897.3580322265623
92.18763732910155, 132.38688659667974, 1902.7666015625002
87.02880859374997, 154.50198364257812, 1905.9891357421877
81.14340209960938, 171.78407287597656, 1911.4012451171875
76.57215881347652, 192.59912109374997, 1916.2891845703123
74.79293823242185, 217.2323760986328, 1922.8884277343748
71.59054565429689, 239.2703094482422, 1930.611572265625
61.61897277832031, 256.6915283203125, 1936.6240234374998
55.873870849609375, 275.79687499999994, 1942.2188720703125
54.05473327636719, 296.9553833007813, 1950.558837890625
51.33712768554687, 317.3327941894532, 1954.6767578125
42.74497985839844, 333.514404296875, 1958.5609130859375
35.40013122558595, 352.4055175781249, 1966.8513183593745
29.76237487792968, 369.28094482421875, 1972.082275390625
22.27902221679687, 382.5540161132813, 1978.1218261718748
13.148956298828125, 396.6325378417969, 1986.795166015625
1.0992431640625002, 426.54632568359375, 1997.5148925781248
-11.971099853515627, 452.78631591796864, 2013.883056640625
-23.664413452148438, 469.319580078125, 2026.3654785156248
-32.77935791015626, 484.53350830078125, 2033.0593261718748
-41.57247924804688, 496.79129028320307, 2038.314453125
-51.28064727783202, 507.29800415039057, 2040.4265136718752
-70.0328598022461, 524.4320068359373, 2041.8193359374998
-75.02969360351562, 530.3402099609374, 2041.1475830078125
-78.50692749023439, 534.7896118164062, 2039.853515625
-85.68755340576172, 544.5087890625001, 2036.460693359375
-92.2489013671875, 550.0720825195314, 2033.682006835937
-105.34295654296875, 552.8309326171876, 2028.199340820312
-112.55543518066403, 553.8433837890625, 2026.083251953125
-116.20960235595703, 554.1295166015625, 2024.9016113281252
-118.13400268554689, 554.7434082031251, 2026.2846679687502
-112.69063568115236, 546.3571166992185, 2025.0153808593748
-107.84842681884766, 547.1613159179688, 2027.3908691406252
-101.75885772705077, 546.2570800781251, 2030.419921875
-94.12508392333983, 542.9223022460939, 2032.8006591796877
-89.22543334960938, 541.06982421875, 2039.551025390625
-84.5736389160156, 539.04541015625, 2038.4816894531252
-81.0345687866211, 539.6383666992188, 2043.2879638671877
-79.05671691894531, 539.1937255859375, 2041.5734863281248
-77.24253845214844, 536.9289550781251, 2044.6838378906248
-74.32904052734375, 529.9873046875, 2041.9669189453125
-72.70773315429688, 526.0352783203125, 2041.7940673828125
-69.20491027832033, 525.0005493164062, 2048.781005859375
-64.95938873291014, 523.6092529296876, 2050.096923828125
-60.963897705078125, 522.6777343750001, 2048.48779296875
-60.40317535400391, 520.6990966796877, 2043.186767578125
-60.284797668457024, 519.1651000976562, 2039.930908203125
-60.24800872802736, 518.7922973632812, 2040.1008300781248
-59.780982971191406, 517.3309326171876, 2038.567626953125
-57.216087341308594, 513.5361328124999, 2035.92724609375
-54.017791748046875, 512.3216552734374, 2036.6538085937498
-51.84667968749999, 510.7835693359375, 2036.825927734375
-47.50489807128905, 510.6460571289063, 2039.4954833984375
-44.87286376953124, 507.10516357421875, 2041.2377929687502
-39.20530700683595, 503.9243774414062, 2034.87451171875
-31.945465087890625, 494.5909423828125, 2033.954345703125
-30.142974853515625, 489.9477844238282, 2033.247314453125
-27.91726684570312, 481.2254943847657, 2033.634521484375
-24.808029174804688, 478.99557495117176, 2032.58984375
-23.0218505859375, 477.3647460937501, 2025.3961181640625
-15.708969116210938, 468.36834716796875, 2022.3504638671875
-18.470336914062496, 459.02606201171875, 2019.50048828125
-12.301055908203125, 451.56353759765625, 2024.9420166015625
-4.857421874999999, 449.406463623047, 2022.9652099609377
-2.9217681884765625, 447.33605957031244, 2021.0134277343748
1.1376190185546873, 437.33416748046875, 2016.3916015625
2.5639038085937504, 419.96307373046875, 2010.525390625
7.053665161132813, 405.7379150390625, 2006.924072265625
9.22544860839844, 397.8680114746093, 2003.6441650390623
6.594146728515625, 389.6161193847656, 2005.0345458984373
14.303207397460941, 378.94000244140625, 2000.60498046875
21.830963134765625, 370.4507446289063, 1997.5667724609377
24.489501953124993, 360.6655883789063, 1993.7542724609375
24.986389160156246, 350.2984619140625, 1990.4846191406252
26.202255249023434, 343.66625976562494, 1990.6655273437502
33.896209716796875, 326.4022827148438, 1988.1096191406252
37.62750244140625, 313.57434082031256, 1980.520263671875
45.81512451171874, 294.3902587890625, 1971.5449218749998
55.666244506835945, 271.0506591796875, 1963.6047363281248
64.9042205810547, 259.99761962890625, 1957.1047363281248
71.94987487792967, 243.58966064453122, 1954.8269042968748
76.48194885253903, 230.54269409179685, 1950.5095214843752
76.57289123535153, 217.85043334960946, 1944.2342529296875
78.58985900878905, 203.69168090820315, 1937.4451904296877
84.30769348144534, 182.1894989013672, 1926.1646728515623
92.26983642578125, 170.02827453613278, 1919.1911621093748
97.46498107910156, 155.42146301269537, 1912.3145751953125
98.79795837402344, 142.38021850585943, 1909.1864013671875
96.94458007812501, 123.20297241210936, 1905.417724609375
97.5883331298828, 113.89434814453124, 1900.1343994140623
97.59498596191408, 105.83285522460938, 1895.3308105468748
99.09204101562499, 96.958251953125, 1890.29833984375
101.27845764160155, 86.85730743408202, 1885.0594482421873
102.17340087890624, 80.1665496826172, 1881.126220703125
100.98641967773439, 73.18608093261717, 1878.1309814453125
106.46813964843751, 62.97029876708985, 1876.2069091796877
110.04560852050781, 54.21835327148438, 1872.04296875
111.76644897460938, 41.435569763183594, 1871.65478515625
117.99034118652342, 33.31067657470702, 1870.1326904296875
119.97233581542964, 26.478401184082028, 1863.645263671875
122.55157470703125, 12.363082885742191, 1859.9110107421877
123.92791748046876, -4.090065002441406, 1855.956298828125
125.71965026855469, -14.537483215332033, 1851.2336425781248
124.37026977539062, -20.782875061035156, 1850.29833984375
122.83078002929688, -26.843666076660153, 1849.3903808593745
122.53829956054689, -31.011703491210938, 1850.0847167968748
122.20507812499999, -33.19251251220704, 1850.989013671875
122.81741333007812, -39.942008972167976, 1850.9487304687502
122.83151245117189, -44.1126708984375, 1848.8354492187498
122.00343322753905, -44.292900085449226, 1848.294189453125
122.23095703125, -46.31229019165038, 1849.3542480468745
122.25843811035152, -47.55877304077149, 1848.982666015625
121.59945678710939, -46.1516876220703, 1850.41064453125
120.34826660156251, -44.84298706054687, 1849.0906982421875
119.47061157226561, -43.16344451904296, 1848.5303955078123
119.49601745605467, -41.8797607421875, 1848.644775390625
119.82662963867189, -41.075996398925795, 1848.4077148437502
121.05438232421875, -44.00019073486328, 1850.7546386718748
121.31732177734376, -46.39352416992188, 1851.904541015625
121.37545776367186, -47.61394500732422, 1852.9523925781248
121.35025024414062, -46.34266662597655, 1852.4116210937502
121.64535522460938, -42.77899932861328, 1850.815185546875
122.37915039062499, -40.50735473632813, 1848.5579833984375
121.06745910644531, -36.62487030029297, 1847.20947265625
120.63153076171876, -35.1310806274414, 1845.005126953125
120.43566894531253, -34.23709869384765, 1844.9455566406255
119.99374389648436, -33.903266906738274, 1849.0935058593748
121.91165161132814, -31.56967163085937, 1848.3361816406252
121.0320587158203, -29.25067138671875, 1846.5417480468748
118.06498718261719, -26.45647430419922, 1846.7615966796875
119.24655151367188, -24.34813690185547, 1846.3978271484375
119.46566772460939, -21.63080596923829, 1846.9160156250002
119.87181091308592, -9.41123962402344, 1849.8375244140625
112.17381286621092, 5.231483459472657, 1853.0244140624998
112.89054870605466, 23.093666076660153, 1854.9545898437502
107.37977600097653, 47.196968078613274, 1861.884765625
103.72779846191406, 62.896034240722656, 1867.4816894531252
102.11830139160153, 81.22463989257811, 1871.6392822265623
98.63423156738281, 96.84248352050781, 1876.13623046875
99.05895996093751, 113.53035736083983, 1884.5844726562498
98.83277893066402, 154.04994201660156, 1900.2985839843752
98.53244018554688, 172.25425720214838, 1907.106201171875
96.69194030761719, 190.21611022949216, 1914.7675781250002
91.45384216308592, 208.16410827636716, 1921.19873046875
85.9257354736328, 224.98776245117188, 1932.4617919921877
81.00074768066405, 260.84420776367193, 1951.9956054687505
79.14016723632811, 287.8676147460937, 1969.9039306640625
77.80096435546875, 311.26055908203125, 1983.8209228515623
74.14390563964845, 330.09063720703125, 1996.17529296875
71.61828613281249, 345.843994140625, 2008.0537109374998
70.80641174316405, 366.6251220703125, 2020.2305908203125
73.82749938964845, 385.59832763671875, 2032.2989501953125
69.33802795410155, 403.6122436523438, 2045.0144042968745
64.67282104492186, 418.72640991210926, 2056.4738769531255
56.481719970703125, 432.623291015625, 2069.1865234375
51.526718139648445, 446.64682006835943, 2077.3420410156245
44.16204833984376, 457.72534179687494, 2085.9531250000005
44.246475219726555, 473.33532714843744, 2094.45263671875
30.976409912109368, 499.050537109375, 2107.50048828125
25.19210815429688, 508.9468994140625, 2108.0463867187495
21.16629028320312, 519.0106811523438, 2111.6330566406255
12.276367187499998, 536.5182495117188, 2116.4255371093755
6.200302124023439, 549.4378662109374, 2115.291748046875
-4.631484985351563, 555.0870361328125, 2122.26953125
-13.61177062988281, 560.1505126953124, 2123.870361328125
-25.601974487304695, 567.7956542968751, 2130.7399902343755
-31.44280242919922, 579.142822265625, 2139.1984863281245
-40.375434875488274, 586.3426513671875, 2140.9711914062505
-46.07967376708985, 592.6400146484375, 2140.1826171875
-53.38748931884764, 598.7053833007814, 2139.4616699218745
-66.62203216552732, 601.0758666992188, 2142.9982910156245
-71.44565582275389, 609.1766967773439, 2146.31884765625
-78.61922454833986, 610.4113159179688, 2149.027099609375
-80.06362152099611, 607.06103515625, 2147.201416015625
-80.74110412597658, 604.1661376953124, 2146.761962890625
-74.25629425048828, 603.0359497070312, 2147.1420898437495
-73.4319305419922, 600.0850830078126, 2149.927001953125
-73.79768371582033, 598.5340576171876, 2154.7412109375005
-76.04995727539062, 595.7975463867188, 2150.2885742187495
-77.861572265625, 587.6456298828123, 2151.830078125
-68.72740936279297, 580.2844238281251, 2144.2023925781255
-60.404525756835945, 584.4912109375, 2144.2734375000005
-57.34368133544921, 588.7023315429689, 2144.91796875
-57.252548217773445, 585.8583374023438, 2147.487060546875
-58.08600616455078, 582.0443115234375, 2143.7712402343755
-53.99935150146485, 576.311279296875, 2141.6301269531255
-45.47100830078125, 574.5362548828123, 2133.2692871093745
-43.10861206054688, 570.7078857421876, 2135.0231933593755
-42.23168945312499, 565.5905761718751, 2133.589599609375
-44.67786407470702, 563.3089599609375, 2135.659423828125
-40.02618408203125, 559.33544921875, 2128.087646484375
-43.60236358642579, 558.3251342773439, 2128.336181640625
-49.073890686035156, 545.819091796875, 2128.031494140625
-46.482254028320305, 538.3541870117186, 2122.6853027343755
-40.657302856445305, 536.2724609375001, 2115.8872070312505
-34.89065551757813, 534.5643310546876, 2113.004150390625
-29.457672119140625, 534.2071533203125, 2110.8303222656255
-28.440078735351562, 529.3046264648436, 2109.5263671875
-22.7633056640625, 523.06591796875, 2105.1669921875
-25.479309082031243, 516.375244140625, 2104.3583984375005
-25.357147216796875, 510.63372802734375, 2104.041748046875
-25.313598632812504, 507.34936523437506, 2103.5673828125005
-21.699295043945312, 499.2269592285155, 2100.3903808593755
-20.2264404296875, 493.50817871093744, 2097.92626953125
-18.42086791992187, 483.08740234375006, 2095.636962890625
-10.653152465820312, 477.93090820312494, 2095.131591796875
-9.50602722167969, 468.83520507812494, 2093.1962890624995
-6.709121704101564, 458.22094726562494, 2087.886474609375
-2.158676147460938, 455.77648925781244, 2083.465087890625
-4.994415283203126, 444.0274963378906, 2081.9086914062495
-1.9774322509765623, 440.4150390624999, 2083.2363281249995
0.20544433593750006, 432.5641479492187, 2073.3574218750005
4.472564697265626, 419.05499267578136, 2065.503662109375
0.5237731933593751, 415.0157470703125, 2065.1943359375005
3.7136077880859384, 406.43920898437494, 2057.48681640625
4.956192016601563, 392.178466796875, 2051.340087890625
4.3679656982421875, 382.66329956054693, 2046.868896484375
5.759399414062502, 373.51452636718744, 2042.189453125
10.13568115234375, 359.19885253906256, 2036.3553466796873
12.410003662109375, 351.79516601562494, 2027.8747558593748
17.381713867187496, 341.7496948242188, 2024.049560546875
17.39224243164062, 334.88623046874994, 2019.5805664062502
28.889663696289062, 326.3212585449219, 2011.2947998046875
35.229446411132805, 317.50750732421875, 2006.06005859375
42.1624755859375, 313.92352294921864, 2004.0207519531252
48.55059814453126, 300.45263671875, 1999.7172851562502
52.04490661621094, 291.73321533203125, 1995.5642089843748
53.97790527343749, 278.26556396484375, 1985.9443359374998
59.12799072265625, 251.03613281250003, 1972.172607421875
57.146438598632805, 238.4249725341797, 1966.6649169921873
57.43064880371094, 227.84898376464838, 1962.7503662109373
61.25401306152344, 212.5125579833984, 1959.8898925781248
71.48335266113283, 182.87493896484375, 1952.1325683593748
77.07633972167967, 172.54263305664062, 1947.9301757812505
79.44120788574222, 157.1095123291015, 1946.9989013671877
81.47994995117189, 134.60348510742188, 1939.494384765625
82.3387756347656, 120.17987823486325, 1933.6131591796875
81.39445495605467, 103.06451416015626, 1928.2347412109373
85.12637329101561, 90.91714477539064, 1925.7890625
89.41438293457031, 77.47092437744139, 1922.6107177734375
90.99012756347656, 69.84268188476561, 1917.7845458984373
92.22151184082031, 50.750900268554695, 1912.2177734375002
93.78852844238281, 31.937278747558597, 1911.5019531250002
93.65202331542966, 21.86126708984375, 1909.2451171875002
92.656982421875, 15.43389892578125, 1904.2373046875
91.01284790039061, 9.290931701660153, 1901.5152587890627
84.35469055175781, 6.228103637695312, 1898.8255615234377
86.98086547851562, 2.239555358886719, 1902.2928466796873
91.56666564941408, -2.3232421874999996, 1905.830078125
94.38742065429689, -4.580436706542969, 1908.53857421875
95.23951721191406, -3.871955871582031, 1911.6287841796875
95.36326599121097, -4.641471862792969, 1914.6375732421877
95.74501037597656, -3.91876220703125, 1914.329833984375
96.29943847656249, -3.088851928710938, 1918.0789794921877
104.7623291015625, -3.6910552978515625, 1924.51953125
98.76568603515625, -5.899024963378905, 1926.9187011718752
97.45185852050781, -5.055152893066405, 1929.8474121093748
96.67312622070311, -4.323280334472656, 1935.0935058593748
97.24415588378906, -3.581924438476563, 1940.6647949218748
91.18453979492188, -12.033035278320314, 1943.3397216796875
91.11784362792969, -13.452407836914066, 1948.8612060546873
86.88795471191406, -18.150703430175778, 1951.73291015625
80.81367492675781, -21.555061340332028, 1956.2729492187498
76.65467834472653, -23.91417694091797, 1959.9434814453125
74.17135620117188, -25.150527954101562, 1966.0422363281248
72.86235046386719, -25.94895172119141, 1970.77099609375
72.62374877929686, -26.629203796386722, 1974.2781982421875
76.5231018066406, -27.677986145019535, 1982.3823242187495
78.85464477539062, -28.495872497558594, 1986.23046875
80.38978576660153, -28.718994140625, 1986.1083984374998
81.22697448730469, -28.27931213378906, 1987.1540527343748
81.74658203125, -27.78740692138672, 1988.8471679687502
82.23519897460938, -27.42637634277343, 1990.119384765625
82.70965576171878, -26.780158996582028, 1993.6589355468748
82.95106506347656, -27.019363403320312, 1996.242919921875
83.24163818359375, -26.445320129394528, 1997.4858398437502
83.76777648925783, -25.770698547363274, 2000.052001953125
82.89878845214842, -24.987846374511715, 2001.06298828125
85.16752624511722, -26.926116943359368, 2004.3538818359373
86.66078186035153, -28.08112335205078, 2007.270263671875
87.14830017089842, -29.29285430908203, 2010.3463134765625
91.66403198242186, -29.616737365722656, 2011.3083496093748
94.72047424316405, -24.251991271972656, 2012.4156494140627
100.56585693359374, -21.955238342285153, 2018.0671386718748
95.59825134277344, -13.71056365966797, 2016.9995117187502
93.40374755859374, 0.6184234619140625, 2021.6591796875
88.69186401367188, 26.59611511230469, 2027.912353515625
90.66535949707031, 46.00621795654297, 2034.3713378906248
88.5952911376953, 64.76182556152345, 2040.3964843749998
84.72758483886719, 84.13090515136719, 2042.8359375
82.47364807128905, 102.4877471923828, 2046.4720458984373
81.44241333007812, 122.86962890625, 2051.910156250001
77.32652282714844, 144.83049011230474, 2060.6096191406245
74.62309265136719, 168.33300781250003, 2067.3500976562505
64.58404541015625, 201.97198486328125, 2079.403564453125
59.86756896972655, 231.88497924804688, 2089.2033691406245
55.63397216796876, 276.71807861328125, 2107.8872070312505
55.18699645996094, 306.4428100585937, 2124.8132324218755
49.14094543457031, 335.8554077148438, 2138.797119140625
48.507843017578125, 353.16448974609375, 2145.5666503906245
41.458114624023445, 373.8857421875, 2158.28955078125
36.076339721679695, 391.3154907226563, 2166.916748046875
35.54817199707031, 407.53723144531244, 2176.9375000000005
33.3988037109375, 421.4234313964843, 2184.3266601562495
30.08804321289062, 431.4360351562499, 2192.1975097656245
30.630371093750004, 446.2567749023437, 2195.945068359375
27.583694458007812, 458.17791748046875, 2200.1540527343755
26.88771057128906, 469.72857666015625, 2202.4838867187495
23.033737182617188, 481.90631103515625, 2203.4711914062505
19.18707275390625, 495.40319824218733, 2210.8132324218755
8.423294067382812, 501.6849975585937, 2209.9328613281245
3.15582275390625, 511.79162597656244, 2204.791748046875
-2.665313720703125, 522.8566284179685, 2210.287353515625
-13.998947143554688, 539.9585571289061, 2215.0078125000005
-24.21002197265625, 547.0006103515625, 2219.9531250000005
-29.83562469482422, 556.9074096679688, 2224.447021484375
-43.20371246337891, 563.0960693359374, 2225.67724609375
-52.0111312866211, 566.4444580078125, 2224.41796875
-55.83557128906249, 577.368408203125, 2221.6511230468755
-68.93883514404297, 584.7531738281251, 2220.3005371093755
-76.18927764892578, 587.5898437500001, 2218.6440429687495
-85.0818405151367, 585.4672851562499, 2217.6501464843755
-95.56681823730467, 584.8203125, 2218.7792968750005
-95.78520202636719, 583.270446777344, 2218.338134765625
-101.94552612304689, 582.0118408203125, 2217.9936523437505
-95.33422088623048, 583.283203125, 2215.4064941406245
-90.0364990234375, 584.5169067382812, 2211.770263671875
-86.78924560546876, 587.6547851562501, 2215.51904296875
-80.71478271484375, 585.4063720703126, 2214.3952636718755
-72.14063262939453, 584.0144042968751, 2212.0078125000005
-74.0031509399414, 576.1995849609376, 2212.4841308593755
-63.2036895751953, 566.644287109375, 2205.9831542968755
-50.040977478027344, 561.3264160156249, 2201.0292968750005
-44.97219848632813, 549.5775146484375, 2196.116943359375
-49.258758544921896, 542.2217407226564, 2197.4597167968755
-42.04203796386719, 537.4140014648438, 2194.48291015625
-34.92825317382813, 531.8502197265624, 2187.06640625
-36.5091552734375, 523.5401000976562, 2176.410400390625
-32.94270324707031, 515.8065795898438, 2171.6103515625005
-30.83004760742187, 505.2438049316406, 2167.4138183593755
-29.45579528808593, 496.5924987792969, 2161.8916015625005
-27.542327880859368, 492.7734985351563, 2163.4819335937505
-25.935043334960927, 489.09399414062494, 2162.6918945312505
-16.528747558593743, 483.15008544921875, 2161.7712402343755
-9.697265624999998, 472.9144897460937, 2156.9956054687495
-4.687408447265625, 465.71109008789057, 2152.80859375
1.5655670166015625, 461.0161132812499, 2148.6569824218745
3.890777587890625, 459.20816040039057, 2150.1882324218745
-0.04048156738281249, 443.58105468749994, 2145.1284179687495
0.3231658935546876, 434.76733398437494, 2142.44580078125
0.5072631835937499, 428.8214416503906, 2134.169677734375
-4.449386596679688, 418.0079956054688, 2129.406005859375
0.16899108886718756, 411.3834838867188, 2123.6777343750005
-6.997207641601563, 400.27984619140636, 2117.6103515625005
-4.147216796874999, 392.9465637207031, 2111.19921875
-2.8162841796874996, 388.51159667968744, 2106.194580078125
-1.9718322753906248, 386.49945068359375, 2105.1435546875005
3.1546936035156246, 383.46160888671875, 2100.9375000000005
4.947937011718749, 380.83917236328125, 2094.5893554687495
8.709640502929691, 375.0869140624999, 2091.153564453125
12.324279785156248, 363.9265747070312, 2084.222412109375
13.450027465820312, 357.5462646484375, 2081.9755859375005
12.705322265625, 351.6334838867188, 2080.8857421875005
14.902450561523441, 343.9046020507813, 2075.485107421875
17.45697021484375, 335.4605712890625, 2074.7785644531245
19.881713867187496, 328.6155700683594, 2067.9375000000005
32.26123046875, 307.9281616210937, 2059.7209472656245
39.33326721191405, 294.2858276367188, 2056.4030761718755
47.21061706542969, 281.84194946289057, 2053.2421875
54.51518249511719, 277.82525634765625, 2052.533203125
58.79695129394531, 268.63305664062494, 2048.45166015625
59.53094482421875, 254.20776367187494, 2047.0372314453125
58.067886352539055, 243.90538024902344, 2042.4660644531252
59.24243164062501, 235.65356445312497, 2039.2495117187502
61.603057861328125, 230.18177795410156, 2037.2503662109373
60.50570678710938, 218.34956359863276, 2035.071533203125
74.50436401367188, 191.11315917968747, 2020.1959228515623
80.24462890625001, 168.69552612304685, 2015.3397216796875
87.5753479003906, 154.05032348632815, 2011.725830078125
92.68623352050781, 141.7894134521484, 2009.087158203125
98.59909057617188, 132.21194458007812, 2005.8901367187498
100.31356811523438, 122.39828491210938, 2002.8896484374998
102.68197631835936, 114.08283996582031, 1999.953125
106.21748352050783, 107.53443145751952, 1999.384521484375
108.56842041015625, 97.31160736083984, 1996.3747558593748
108.17977905273435, 86.84782409667969, 1993.0957031250002
108.9456787109375, 76.42782592773439, 1992.69287109375
108.90408325195312, 69.29101562500003, 1990
108.80255126953125, 65.29461669921879, 1984.4881591796877
108.5819091796875, 63.35170745849608, 1980.5771484374998
108.27427673339844, 59.94000244140624, 1977.846923828125
108.53456115722655, 58.78077697753906, 1974.134521484375
105.79182434082033, 50.28076171875, 1967.091064453125
105.48765563964847, 43.50170135498047, 1963.760986328125
106.0714874267578, 38.53839111328125, 1960.6604003906248
106.21319580078125, 35.99423980712891, 1956.7388916015627
105.99349975585939, 34.621902465820305, 1952.0670166015625
105.62684631347652, 35.508102416992195, 1949.0930175781248
105.31044006347655, 36.09181213378906, 1942.4091796875002
104.97833251953122, 36.320991516113274, 1937.096923828125
104.48722839355467, 34.828842163085945, 1928.6560058593748
103.6570587158203, 35.117584228515625, 1921.9155273437505
103.4234161376953, 34.00177001953125, 1917.34765625
103.18580627441403, 33.27088928222655, 1913.6884765624998
102.66464233398436, 32.8280029296875, 1909.3472900390623
102.31257629394531, 32.66967773437501, 1907.9417724609377
102.08195495605467, 32.550811767578125, 1906.1191406249998
100.98672485351561, 32.61435699462891, 1903.26171875
100.95046997070312, 32.30464935302734, 1899.830444335937
93.02873229980466, 29.779983520507812, 1894.1655273437502
83.86282348632812, 28.962303161621087, 1887.2214355468748
82.91220092773439, 29.69525909423828, 1882.9125976562502
78.15626525878905, 28.604446411132812, 1874.1518554687502
74.14495849609375, 26.910621643066406, 1866.7280273437502
75.80642700195311, 34.31679534912111, 1857.8510742187498
74.68003845214842, 40.408111572265625, 1845.4539794921877
73.77278137207028, 43.90068817138671, 1835.9062500000002
66.96711730957033, 44.65970611572265, 1825.357177734375
65.19157409667967, 46.26766204833986, 1817.3394775390623
65.03570556640624, 47.934410095214844, 1811.2849121093748
65.21031188964845, 48.85172271728515, 1806.789794921875
65.5460662841797, 49.47345733642579, 1803.4422607421877
65.4516296386719, 49.870384216308594, 1801.8382568359373
65.52468872070311, 50.15799713134764, 1799.7807617187502
75.21913146972656, 50.82666778564451, 1798.0946044921875
83.61204528808594, 52.71211242675782, 1796.3592529296875
85.56124877929689, 52.35597229003906, 1798.1977539062502
84.78604125976561, 50.99069213867189, 1798.558837890625
86.10450744628905, 53.724472045898445, 1800.2423095703123
90.92442321777345, 55.485031127929695, 1807.0214843749998
87.68934631347652, 64.00868225097655, 1812.2845458984373
86.93177795410155, 74.20460510253905, 1814.2972412109373
81.55526733398436, 85.46427917480469, 1818.453125
78.32064819335936, 100.35956573486328, 1824.0966796875002
73.81678771972653, 114.580322265625, 1830.087158203125
72.32093811035152, 132.40563964843753, 1839.884521484375
72.56613159179688, 166.36442565917972, 1855.3958740234375
72.12591552734375, 190.59544372558594, 1869.0234374999998
71.75381469726562, 214.11372375488273, 1882.6441650390623
71.94517517089844, 232.4721374511719, 1894.3909912109373
71.17930603027342, 250.42982482910153, 1903.307373046875
72.5249786376953, 266.85736083984386, 1910.02490234375
71.64804077148436, 283.5724487304688, 1917.1296386718748
69.31277465820311, 300.65533447265625, 1924.447998046875
69.31616210937501, 328.5772705078125, 1939.9501953125
63.75799560546875, 351.8641052246094, 1954.7532958984373
57.20753479003906, 369.29730224609364, 1963.6611328124995
56.000213623046875, 385.0662231445313, 1973.8361816406252
51.281494140625, 399.0328979492187, 1979.050537109375
48.95999145507812, 410.49194335937494, 1987.088623046875
45.40843200683595, 418.5049438476563, 1992.9133300781248
44.21504211425781, 433.7832641601563, 1999.6667480468748
39.13050842285156, 455.35559082031256, 2007.7055664062505
34.16023254394531, 467.70965576171875, 2012.30078125
26.786132812499993, 485.5248107910156, 2019.35302734375
24.82113647460937, 500.840118408203, 2028.5718994140625
15.718627929687498, 516.415771484375, 2034.9661865234375
9.498153686523438, 529.3208618164061, 2039.4833984374998
4.626457214355468, 537.4603271484374, 2044.331420898437
-2.7498626708984375, 542.8308715820312, 2044.7041015625
-6.77806854248047, 545.9240722656251, 2046.9927978515625
-8.951408386230469, 547.6776123046875, 2046.496826171875
-14.92460632324219, 545.8222656249998, 2048.21240234375
-12.61302185058594, 544.0181884765626, 2049.027099609375
-7.195808410644531, 538.2932739257814, 2046.8806152343748
2.140853881835938, 531.4400024414061, 2047.82470703125
8.275619506835941, 527.3922119140624, 2048.243896484375
19.34602355957031, 520.1796875000001, 2045.8280029296875
24.2120361328125, 514.3977050781251, 2042.8723144531248
24.5633544921875, 504.9907531738281, 2042.6350097656252
23.44580078125, 498.669189453125, 2041.9274902343748
28.082061767578125, 488.6790771484375, 2040.2844238281248
29.12750244140625, 476.0784912109375, 2036.37109375
27.100830078124996, 460.88555908203125, 2027.3115234375
26.93499755859375, 455.5352783203125, 2022.78125
38.280349731445305, 446.6801452636719, 2017.02734375
50.48071289062501, 430.1827087402343, 2008.574951171875
52.44790649414062, 414.9597473144532, 2002.3074951171875
55.69183349609375, 403.7669677734375, 1998.46630859375
60.072509765625, 382.01867675781244, 1985.9921875
60.279296875, 358.2917480468749, 1974.318603515625
64.46629333496095, 329.7206420898438, 1960.1662597656252
65.83917236328124, 312.88317871093744, 1953.9747314453125
65.4609375, 298.5268859863281, 1943.7701416015625
66.04067993164062, 284.5845947265625, 1937.3214111328123
70.78883361816405, 264.62203979492193, 1924.86669921875
86.24710083007812, 226.82752990722662, 1904.8430175781248
95.54978942871095, 187.74633789062503, 1888.9409179687502
98.41981506347656, 161.06826782226565, 1878.7149658203125
101.28800964355467, 144.40509033203128, 1873.2360839843752
102.45109558105469, 132.39260864257815, 1867.318603515625
106.87472534179688, 107.07008361816405, 1857.3087158203125
104.6723480224609, 85.3621368408203, 1848.27099609375
101.54591369628906, 69.27445220947266, 1844.53271484375
103.96575927734376, 59.22674560546876, 1842.5635986328123
107.03295898437501, 53.95780944824217, 1841.8641357421875
109.49453735351561, 40.408111572265625, 1837.91357421875
113.91049194335939, 34.25303649902344, 1834.3389892578123
113.94172668457034, 28.341903686523434, 1832.7453613281252
109.07980346679688, 24.169929504394528, 1831.6560058593748
113.0858154296875, 18.83884429931641, 1826.966796875
106.22257995605466, 13.936843872070312, 1826.2302246093748
108.25350952148438, 10.19415283203125, 1827.7387695312502
109.1268615722656, 4.273941040039063, 1830.654418945312
106.77615356445311, 3.2711486816406246, 1830.1960449218748
105.09553527832031, 3.2525634765625, 1829.2888183593748
108.83807373046874, 3.2515029907226562, 1829.0927734375
109.33677673339842, 7.473426818847656, 1828.5053710937502
109.18579101562497, 15.32020568847656, 1829.344970703125
112.08663940429689, 22.686996459960934, 1832.8055419921877
110.48042297363281, 28.280860900878906, 1832.4831542968748
105.25178527832031, 38.64354705810547, 1835.3173828124998
100.84338378906251, 55.91519165039062, 1842.3271484374998
96.97392272949219, 73.24131774902345, 1846.2292480468748
99.45408630371094, 87.26902770996095, 1850.115966796875
100.28234863281249, 103.7800598144531, 1854.7017822265625
97.81752014160156, 128.5894775390625, 1862.054931640625
88.1531219482422, 199.10919189453122, 1895.319091796875
85.9036102294922, 246.79548645019534, 1916.7760009765625
80.97599792480467, 278.5744018554688, 1932.1119384765623
77.32752990722656, 303.16528320312506, 1944.5384521484375
76.08795166015626, 328.390380859375, 1955.7844238281248
71.32379150390624, 355.550048828125, 1975.0957031250002
70.80683898925781, 375.90557861328125, 1988.0615234375
65.37677001953122, 395.3161926269531, 1997.0841064453123
57.862228393554695, 410.49139404296864, 2003.89501953125
52.10418701171874, 426.2222595214843, 2015.5916748046875
32.6819610595703, 457.51898193359375, 2031.8425292968748
20.178100585937496, 479.73272705078125, 2041.8730468749995
11.834548950195312, 493.6466064453125, 2048.263671875
3.981216430664062, 506.8277587890625, 2052.42529296875
-4.809005737304688, 517.0274658203124, 2058.4343261718755
-16.04092407226562, 529.0784912109376, 2061.1975097656245
-28.014266967773438, 541.0706787109375, 2062.9440917968745
-37.51352691650391, 549.0388183593751, 2064.554443359375
-47.753120422363274, 552.260009765625, 2064.061279296875
-55.732681274414055, 556.0701293945311, 2062.385986328125
-60.74713134765625, 554.9713745117189, 2062.8225097656245
-56.360565185546875, 550.8889770507814, 2064.68505859375
-43.348876953125, 546.6878662109375, 2061.0429687499995
-36.666107177734375, 536.481872558594, 2057.8586425781255
-18.166381835937496, 514.21923828125, 2048.814453125
-3.814697265625, 500.13806152343756, 2043.8425292968748
-0.42997741699218756, 482.84045410156256, 2037.91357421875
-0.484039306640625, 471.7683410644531, 2034.725341796875
4.177078247070312, 460.72174072265625, 2029.8948974609375
6.288192749023438, 452.54382324218744, 2025.0396728515625
5.579757690429689, 439.3003540039063, 2020.0477294921877
12.689834594726564, 420.05245971679693, 2009.005615234375
17.363723754882812, 409.4245300292969, 2005.1986083984373
19.92855834960937, 402.71279907226557, 1999.82373046875
18.594116210937496, 392.0870361328125, 1995.466796875
21.19157409667969, 379.5107421875, 1988.3156738281252
23.7205810546875, 363.79849243164057, 1979.0751953125
32.82989501953125, 345.4399108886718, 1967.1992187499998
36.72708129882813, 324.3005981445313, 1961.3740234374998
38.161315917968764, 309.99194335937494, 1952.3370361328123
41.509643554687486, 295.15646362304705, 1943.6599121093748
44.705001831054695, 282.78808593749994, 1934.045654296875
47.962295532226555, 268.88186645507807, 1924.0506591796877
50.056381225585945, 254.73699951171875, 1917.4960937500002
52.563934326171896, 243.53485107421872, 1908.6750488281248
53.10386657714843, 228.10031127929688, 1903.029052734375
53.437240600585945, 217.83723449707034, 1896.6801757812502
58.530197143554695, 198.9113616943359, 1888.6745605468748
65.1483917236328, 178.68080139160156, 1880.455322265625
72.03677368164062, 164.70648193359378, 1875.245849609375
75.58799743652342, 145.52420043945315, 1863.9455566406255
77.093994140625, 128.70108032226562, 1859.4541015625
76.68807983398435, 115.67411804199219, 1855.524169921875
75.505859375, 107.10072326660155, 1850.07470703125
78.97554016113281, 102.21826171875, 1848.4344482421873
81.93199157714845, 90.70792388916018, 1848.470947265625
86.71699523925783, 85.67976379394531, 1844.647705078125
87.46955871582031, 80.13216400146483, 1840.9993896484375
89.76066589355467, 77.439567565918, 1839.39501953125
91.06248474121095, 74.41036987304689, 1837.6630859374998
88.62266540527345, 67.87023162841797, 1836.9565429687502
90.48564147949219, 61.39485931396485, 1834.5180664062502
92.67735290527344, 55.79836273193361, 1834.7966308593748
95.50988769531251, 51.56906127929687, 1833.929565429688
95.38252258300781, 45.89581298828126, 1831.9288330078125
95.72222900390626, 41.45072174072265, 1831.4755859375002
95.53990173339844, 35.9515609741211, 1830.199951171875
94.91937255859374, 32.882980346679695, 1830.9409179687502
96.56520080566405, 28.582893371582024, 1829.236328125
97.96861267089845, 25.185249328613278, 1828.115966796875
96.82020568847656, 26.330665588378906, 1828.15087890625
97.95956420898439, 25.69544982910156, 1828.223876953125
98.79629516601562, 23.78913116455078, 1827.687744140625
99.05816650390625, 23.920333862304684, 1827.8200683593748
97.47810363769531, 25.65267181396484, 1828.1408691406252
98.09080505371094, 25.080230712890625, 1827.1643066406248
98.68553161621092, 24.82878875732422, 1828.2939453124998
98.83042907714845, 24.560394287109368, 1828.2082519531252
98.78993225097655, 24.416221618652344, 1828.1823730468748
97.08085632324219, 25.793190002441406, 1828.727294921875
97.67820739746091, 24.8248291015625, 1829.267333984375
97.61509704589844, 25.701278686523434, 1829.1247558593748
96.84132385253905, 27.376602172851562, 1827.8961181640625
95.4321746826172, 28.756828308105472, 1828.28857421875
94.50341796875, 32.127845764160156, 1826.87841796875
93.24752807617189, 35.39608001708985, 1826.4902343749998
93.10636901855466, 42.00328826904296, 1829.4031982421875
94.14736938476562, 57.81423950195312, 1833.316162109375
92.75454711914061, 75.42765045166017, 1837.1011962890623
92.81410217285153, 88.81015014648436, 1842.8156738281252
94.64993286132811, 106.29422760009768, 1850.0732421874998
93.75016784667967, 124.22749328613283, 1855.0966796875002
93.41537475585938, 141.99841308593756, 1862.4560546875002
92.43013000488281, 162.61900329589835, 1865.6213378906248
91.72518920898438, 182.35913085937503, 1870.8428955078123
89.26620483398438, 199.07113647460943, 1877.587646484375
83.24455261230469, 217.87991333007812, 1888.318359375
78.52577209472652, 239.89697265625, 1896.5543212890623
75.74169921875001, 262.9795837402343, 1904.2104492187498
73.0072021484375, 279.802978515625, 1912.6033935546873
67.93658447265625, 298.629150390625, 1923.1931152343745
64.40304565429689, 321.54046630859375, 1934.1738281249998
60.585540771484375, 343.3646545410156, 1945.6734619140623
53.59799194335938, 364.7728271484375, 1956.460205078125
52.83024597167969, 385.7490844726563, 1967.2792968749998
50.367111206054695, 403.2129516601563, 1980.3156738281252
46.89784240722654, 421.7267150878905, 1990.870361328125
37.47113037109375, 438.43542480468744, 2002.8271484374998
29.955490112304688, 453.9988708496093, 2015.4357910156252
21.439376831054688, 467.6751708984375, 2026.767822265625
11.761108398437498, 476.17175292968744, 2033.5839843749998
-2.0917205810546875, 501.5894165039063, 2044.8956298828125
-12.377670288085941, 522.0089721679689, 2056.1044921875
-20.648925781250004, 536.2589111328125, 2063.627197265625
-31.933578491210938, 547.556884765625, 2069.420166015625
-46.87608337402344, 552.8507080078125, 2073.7973632812505
-56.384361267089844, 561.0538940429688, 2077.318115234376
-67.68352508544922, 570.1939697265626, 2080.9421386718755
-79.0706253051758, 577.9652099609374, 2086.73486328125
-88.6855010986328, 583.59765625, 2087.801025390625
-99.7505874633789, 584.0184936523439, 2089.381591796875
-105.6947784423828, 582.6983642578127, 2088.8930664062505
-108.6999969482422, 581.3106689453124, 2087.1977539062505
-110.33645629882811, 580.21630859375, 2085.29443359375
-106.41194152832033, 581.4708251953124, 2088.4587402343755
-100.26272583007811, 577.769287109375, 2088.492431640625
-86.75730133056638, 576.3642578124998, 2081.827880859375
-74.36179351806639, 567.2243041992188, 2079.9367675781255
-62.271438598632805, 559.3586425781251, 2081.333007812501
-50.74159240722655, 543.839111328125, 2081.2121582031255
-38.374343872070305, 520.8565063476562, 2071.776855468749
-22.55389404296875, 500.8058471679688, 2062.5327148437505
-9.62506103515625, 480.52459716796875, 2053.536865234375
6.725311279296874, 457.7031860351563, 2043.1595458984373
17.157867431640632, 432.25805664062494, 2032.4736328124998
28.729980468750004, 410.84637451171875, 2017.8087158203125
41.713027954101555, 388.45220947265625, 2007.783203125
49.88478088378905, 362.9205932617187, 1993.7955322265625
56.11531066894531, 342.480224609375, 1977.5167236328125
63.508682250976555, 316.8486328125, 1964.1654052734373
71.74203491210938, 287.647216796875, 1948.9836425781248
78.0723876953125, 252.45338439941406, 1932.8493652343748
84.9973602294922, 219.81929016113276, 1921.9423828124998
94.24787902832033, 188.7921142578125, 1908.00048828125
100.00506591796875, 160.13104248046878, 1892.247314453125
102.55659484863281, 133.6380310058594, 1880.6442871093748
102.17283630371091, 109.11070251464842, 1871.498291015625
96.88954162597656, 83.06502532958983, 1855.50244140625
83.72877502441403, 65.82039642333983, 1842.3363037109375
68.33396911621094, 50.561584472656236, 1826.9349365234373
40.29756164550781, 31.963775634765618, 1803.8963623046875
-69.19292449951172, -137.07682800292974, 1753.6234130859373
-148.1304626464844, -285.85052490234375, 1723.8286132812502
-198.54222106933594, -436.18017578124994, 1761.5366210937502
-223.9496154785156, -534.6038818359375, 1837.7143554687502
-242.87335205078125, -579.1182250976562, 1917.5866699218752
-256.9457702636719, -607.0260009765626, 1988.589599609375
-265.2620544433594, -623.3624267578124, 2056.6940917968745
-264.01513671874994, -629.6666259765625, 2115.31201171875
-264.51925659179693, -629.1071166992186, 2162.798583984375
-267.551055908203, -631.2181396484376, 2200.036132812501
-272.1554260253907, -633.43310546875, 2230.322998046875
-279.32785034179693, -633.034423828125, 2246.3666992187495
-285.76870727539057, -636.28955078125, 2247.8205566406255
-291.35510253906256, -620.8753051757812, 2239.347900390625
-296.2662658691406, -621.9443969726564, 2223.055419921875
-322.97525024414057, -584.8375854492186, 2088.4714355468755
