"","x","y","z"
"1",19.7333984375,-14.8203125,1819.78100585937
"2",21.2557678222656,-16.9710845947266,1816.59643554687
"3",28.8236999511719,-14.3681335449219,1812.69360351562
"4",28.6882019042969,-9.97412109375,1814.49389648438
"5",26.9403991699219,-9.79780578613281,1813.16528320312
"6",28.1800079345703,-8.10780334472656,1812.39294433594
"7",32.3303833007812,-2.81230163574219,1814.08178710938
"8",29.3967742919922,-4.72767639160156,1814.80517578125
"9",30.6731109619141,-9.7489013671875,1811.76647949219
"10",31.0345001220703,-8.09455871582031,1813.37353515625
"11",30.8651428222656,-7.01766967773438,1812.28564453125
"12",31.6829376220703,-5.91650390625,1810.74353027344
"13",31.3238983154297,-5.5787353515625,1813.25537109375
"14",32.094482421875,-10.2391815185547,1815.43835449219
"15",29.6492614746094,-11.4303741455078,1815.9345703125
"16",31.7609252929687,-15.7988586425781,1813.51330566406
"17",31.6228942871094,-15.8383483886719,1812.28198242188
"18",31.9570007324219,-18.7642974853516,1807.56848144531
"19",29.5779418945312,-21.3092498779297,1808.76391601562
"20",26.5685272216797,-26.1518402099609,1811.62316894531
"21",22.5851898193359,-28.2757110595703,1808.96728515625
"22",30.5444641113281,-20.6837310791016,1805.07055664063
"23",28.7247314453125,-10.5827026367188,1810.17956542969
"24",33.8475494384765,16.1716003417969,1813.50329589844
"25",32.8715057373047,48.8757095336914,1821.25256347656
"26",41.748046875,75.7451477050781,1828.8046875
"27",33.9655914306641,92.0986862182617,1835.61352539062
"28",32.1581573486328,116.181457519531,1838.1806640625
"29",35.8382110595703,139.850952148438,1840.19323730469
"30",34.2751007080078,156.277282714844,1848.50341796875
"31",26.0718688964844,171.8359375,1862.25
"32",24.1931457519531,187.86572265625,1869.99328613281
"33",22.7503051757812,211.229873657227,1879.82263183594
"34",-4.95433044433594,138.815185546875,1894.49743652344
"35",34.1415252685547,279.8486328125,1912.18811035156
"36",29.0671081542969,300.321502685547,1927.56872558594
"37",-4.98646545410156,233.196563720703,1917.86596679688
"38",-28.7993011474609,241.286514282227,1948.16064453125
"39",-20.5731353759766,273.969451904297,1946.66613769531
"40",-24.2142181396484,285.33349609375,1962.29455566406
"41",-29.6332855224609,291.14306640625,1966.69030761719
"42",-31.8954925537109,296.572448730469,1972.5654296875
"43",-20.4483489990234,414.970397949219,2018.82397460937
"44",-29.9083099365234,421.617767333984,2024.93786621094
"45",-29.2893676757812,439.120056152344,2040.22607421875
"46",-50.0434188842774,431.937072753906,2049.09643554688
"47",-56.4951324462891,421.412902832031,2065.82836914062
"48",-49.7308883666992,455.963745117187,2077.95141601563
"49",-61.4053192138672,464.950012207031,2091.10864257812
"50",-68.484992980957,472.427307128906,2097.44116210938
"51",-68.1804122924804,484.262054443359,2071.44653320313
"59",-67.6250228881836,496.820983886719,2105.20678710937
"61",-66.2875671386719,484.905578613281,2098.70727539062
"62",-56.2343673706055,477.653198242187,2085.06518554688
"63",-51.3570861816406,472.156982421875,2088.337890625
"64",-52.5108413696289,451.702087402344,2076.12426757812
"65",-48.7296295166016,454.296844482422,2083.0986328125
"66",-40.7169189453125,437.481506347656,2078.4130859375
"67",-43.0860748291016,436.509918212891,2079.21459960938
"68",-41.0545349121094,429.386627197266,2069.78857421875
"69",-33.3999481201172,417.426147460937,2065.39428710938
"70",-37.487060546875,400.217224121094,2061.01293945312
"71",-37.0016784667969,393.940673828125,2052.1123046875
"72",-25.7819061279297,388.475555419922,2048.412109375
"73",-20.7708587646484,386.927917480469,2047.51782226562
"74",-24.6983947753906,366.89501953125,2040.06774902344
"75",-19.1516876220703,355.602722167969,2029.50927734375
"76",-12.6129150390625,353.198608398438,2026.74597167969
"77",-16.7723236083984,332.023498535156,2013.09680175781
"78",-6.74085998535156,313.540832519531,1996.36889648438
"79",-8.51206970214844,306.377899169922,1986.7646484375
"80",-11.8224334716797,291.189880371094,1977.74328613281
"81",1.87911987304688,292.056213378906,1976.08557128906
"82",2.53047180175781,283.894897460938,1966.56591796875
"83",10.9832458496094,272.98876953125,1956.92578125
"84",12.1866607666016,263.22265625,1952.85241699219
"85",13.1519622802734,253.154663085938,1948.49108886719
"86",22.8491363525391,245.726348876953,1947.14904785156
"87",26.8545074462891,236.68244934082,1940.85693359375
"88",24.4766693115234,225.859497070313,1934.689453125
"89",29.7071075439453,218.51008605957,1929.97802734375
"90",33.0982360839844,207.244064331055,1920.35180664062
"91",33.0054016113281,177.62971496582,1919.34411621094
"92",40.3250579833984,164.728469848633,1918.45922851562
"93",44.5513610839844,154.948348999023,1914.0576171875
"94",44.57763671875,141.272155761719,1903.90893554688
"95",40.0202331542969,127.533004760742,1897.06689453125
"96",43.1722869873047,114.597610473633,1895.94189453125
"97",43.4658050537109,103.352851867676,1891.53649902344
"98",46.9175109863281,96.75390625,1884.55725097656
"99",49.4956207275391,87.1750030517578,1885.26318359375
"100",40.7231750488281,70.5428237915039,1881.89624023437
"101",34.2208404541016,60.1139297485352,1876.97143554687
"102",42.3781433105469,58.1559371948242,1872.16088867187
"103",36.0278472900391,36.90380859375,1874.25708007812
"104",55.8676605224609,27.0265502929687,1869.83020019531
"105",45.16650390625,-3.59427642822266,1860.48303222656
"106",49.8837280273437,-3.87798309326172,1861.25903320312
"107",52.3917541503906,-4.62254333496094,1863.52331542969
"108",50.3508911132812,-9.23555755615235,1866.81115722656
"109",47.6239318847656,-12.8133316040039,1865.24658203125
"110",50.3985900878906,-16.1694793701172,1864.00549316406
"111",54.4037170410156,-17.3172912597656,1866.02233886719
"112",49.2191619873047,-21.9562377929687,1863.62158203125
"113",55.1747741699219,-23.0292663574219,1863.58654785156
"114",57.5426940917969,-22.6730270385742,1863.85290527344
"115",47.8113403320312,-27.0354995727539,1861.97692871094
"116",51.6104125976562,-27.9807357788086,1863.13732910156
"117",56.7124633789062,-30.8984756469727,1861.181640625
"118",56.5552978515625,-30.7482299804687,1859.93017578125
"119",53.9623107910156,-30.9840393066406,1857.76354980469
"120",51.7090148925781,-26.7948684692383,1862.13708496094
"121",49.6727600097656,-23.1486663818359,1861.07214355469
"122",48.6720581054688,-14.2784423828125,1866.07641601562
"123",47.5482025146484,-6.744384765625,1866.36486816406
"124",45.9837951660156,0.119003295898437,1871.2275390625
"125",49.3766784667969,13.3347702026367,1871.23547363281
"126",49.5675354003906,23.6946411132812,1876.59167480469
"127",12.5725250244141,-32.7605209350586,1857.33728027344
"128",38.4317626953125,71.3923797607422,1884.02575683594
"129",38.7080383300781,111.753692626953,1902.42309570313
"130",29.3505554199219,123.862197875977,1909.71520996094
"131",28.1982116699219,143.613342285156,1926.17712402344
"132",-33.1627960205078,82.9148101806641,1899.48645019531
"133",-30.78076171875,95.662223815918,1907.0322265625
"134",-25.6781158447266,123.560386657715,1930.6181640625
"135",-23.4271240234375,125.833793640137,1941.10083007812
"136",-27.6329193115234,130.951904296875,1950.56665039063
"137",21.6791534423828,223.118194580078,1982.4423828125
"138",45.6723175048828,276.957580566406,2010.01196289062
"139",56.7257385253906,310.300659179688,2028.38940429687
"140",53.8609771728516,359.207275390625,2060.35766601562
"141",53.6701354980469,388.852661132813,2081.31396484375
"142",54.544418334961,417.547302246094,2102.10717773438
"143",56.8785705566406,436.333740234375,2119.6220703125
"144",54.44775390625,449.211547851562,2131.466796875
"145",56.4839630126953,464.822570800781,2141.6708984375
"146",47.08740234375,476.509338378906,2150.40380859375
"147",47.001220703125,485.702575683594,2160.84790039062
"148",48.2201690673828,495.208221435547,2174.23388671875
"149",49.3154602050781,507.027038574219,2180.30126953125
"150",44.7940979003906,514.647338867188,2185.03662109375
"151",41.8983459472656,520.0087890625,2194.64819335938
"152",36.9488983154297,528.446594238281,2206.68505859375
"153",42.0932922363281,534.394592285156,2215.43798828125
"154",38.8732452392578,540.1640625,2229.73291015625
"155",39.0410308837891,553.491943359375,2240.38793945312
"156",39.9229583740235,559.603942871094,2249.2734375
"157",36.451431274414,569.77734375,2256.72021484375
"158",34.4866027832031,576.376220703125,2265.55126953125
"159",15.0961151123047,600.960083007812,2272.25439453125
"160",8.59599304199219,601.981750488281,2274.28149414062
"161",3.41682434082031,594.823303222656,2268.13354492188
"162",12.5124359130859,587.059020996094,2263.447265625
"163",15.1076354980469,579.33154296875,2262.82177734375
"164",25.7600708007812,578.569152832031,2264.86743164062
"165",28.2320251464844,568.349243164062,2257.8564453125
"166",30.4364624023437,560.302001953125,2252.72290039062
"167",32.8804168701172,550.318115234375,2235.71118164062
"168",35.310302734375,540.029418945312,2218.76953125
"169",33.8709259033203,533.676330566406,2213.62060546875
"170",35.7910308837891,519.838256835937,2205.98828125
"171",32.8489074707031,512.91845703125,2200.6318359375
"172",21.1456604003906,494.63427734375,2189.90649414062
"173",20.6896514892578,483.602233886719,2181.748046875
"174",26.0391235351562,485.936981201172,2179.892578125
"175",31.3667297363281,486.761871337891,2178.57934570312
"176",29.8611907958984,482.426300048828,2164.04931640625
"177",29.5976257324219,473.162017822266,2158.1943359375
"178",19.2647705078125,466.904602050781,2158.06469726562
"179",23.0205535888672,462.166870117188,2152.33862304688
"180",28.3986663818359,457.794982910156,2146.70092773438
"181",29.0759887695312,456.457580566406,2142.90283203125
"182",32.2512054443359,454.122497558594,2138.26904296875
"183",40.9979400634765,449.248229980469,2136.8798828125
"184",41.8420867919922,447.536499023438,2140.42602539062
"185",46.1446533203125,439.717041015625,2130.18579101562
"186",43.2531433105469,431.597229003906,2125.34716796875
"187",39.5535278320312,424.750061035156,2118.85571289063
"188",31.9526672363281,419.258850097656,2115.5673828125
"189",27.2715148925781,412.808227539063,2109.33129882813
"190",27.7102203369141,401.333282470703,2102.05444335938
"191",35.8968048095703,395.993713378906,2096.40600585938
"192",36.1638641357422,389.350280761719,2090.45581054688
"193",39.0989379882813,379.445434570312,2087.53662109375
"194",42.7121124267578,372.265319824219,2084.92358398438
"195",46.4478607177734,362.177337646484,2076.81494140625
"196",47.8753967285156,358.986999511719,2065.79614257813
"197",45.7489471435547,348.650939941406,2056.73291015625
"198",46.9812927246094,338.539428710938,2052.32153320313
"199",50.4885864257812,328.5458984375,2045.52197265625
"200",50.8021240234375,318.522552490234,2041.88159179688
"201",53.2745361328125,316.240142822266,2037.37963867187
"202",55.657241821289,304.304260253906,2033.119140625
"203",55.1755676269531,295.162475585938,2022.01232910156
"204",57.2281494140625,286.912109375,2014.5029296875
"205",57.0587921142578,273.252685546875,2008.12951660156
"206",58.051773071289,262.167755126953,2002.94653320313
"207",64.2333221435547,254.488143920898,1999.62353515625
"208",68.0123748779297,244.810562133789,1992.48803710938
"209",73.3876953125,236.088363647461,1987.61206054687
"210",79.343505859375,226.345306396484,1985.23388671875
"211",81.1389007568359,212.656219482422,1977.96728515625
"212",79.1715393066406,199.8193359375,1972.48327636719
"213",79.7833099365234,184.321319580078,1966.60681152344
"214",80.5718383789062,173.662536621094,1960.74926757812
"215",88.7654876708984,164.84619140625,1960.42944335937
"216",86.5599365234375,153.777694702148,1955.44946289062
"217",89.0823822021484,145.492553710938,1952.19897460937
"218",92.9678344726562,132.98649597168,1949.89501953125
"219",98.3233947753906,124.762344360352,1947.5908203125
"220",98.0009765625,116.261428833008,1943.33618164063
"221",101.181243896484,102.145736694336,1941.18115234375
"222",102.93212890625,94.3020553588867,1939.50903320312
"223",102.595306396484,85.6167526245117,1938.66918945312
"224",104.256622314453,73.0719833374023,1935.36328125
"225",104.901626586914,48.0236968994141,1920.30883789062
"226",103.662719726562,39.8091201782226,1914.361328125
"227",102.291137695313,34.5497894287109,1907.7265625
"228",102.118057250977,31.2479095458984,1902.32153320312
"229",98.6707153320312,21.3516540527344,1897.41918945313
"230",94.5628051757812,11.0420913696289,1889.81420898437
"231",93.5752868652344,8.10372161865234,1885.18884277344
"232",94.7713165283203,4.44933319091797,1880.81286621094
"233",96.7460174560547,-8.19435882568359,1874.02746582031
"234",97.3061828613281,-16.4000625610352,1871.84521484375
"235",97.0575866699219,-21.2775726318359,1870.27075195313
"236",98.6942749023438,-27.2336959838867,1868.52087402344
"237",99.2293395996094,-39.3569564819336,1866.60009765625
"238",97.8880310058594,-44.9927444458008,1863.3251953125
"239",96.5870056152344,-47.6045913696289,1859.55200195312
"240",95.3773345947265,-50.1979217529297,1855.9365234375
"241",94.3010406494141,-52.10400390625,1853.96166992188
"242",93.9054260253906,-54.5345306396484,1852.20849609375
"243",92.787353515625,-54.5880432128906,1848.07543945312
"244",92.4549865722656,-52.9922409057617,1843.38220214844
"245",92.7151031494141,-51.8539352416992,1840.63000488281
"246",93.1422729492188,-51.1244735717773,1838.22778320313
"247",93.6382293701172,-50.8023147583008,1838.38208007812
"248",93.6390686035156,-51.955795288086,1839.20690917969
"249",92.7849731445312,-51.361587524414,1838.24975585938
"250",91.8456878662109,-49.5778656005859,1839.17248535156
"251",91.4429931640625,-48.7197799682617,1838.5947265625
"252",91.6059265136719,-49.545539855957,1837.73364257812
"253",92.815933227539,-51.5140075683594,1837.583984375
"254",93.3477478027344,-50.926887512207,1837.02124023437
"255",93.6244812011719,-50.4660873413086,1835.16259765625
"256",94.0867004394531,-50.1369400024414,1834.90600585938
"257",94.449203491211,-49.8261871337891,1835.43505859375
"258",94.7807312011719,-51.4377288818359,1837.10192871094
"259",94.5989379882812,-52.6375350952149,1840.25415039062
"260",93.6320037841797,-51.4465408325195,1841.74462890625
"261",95.520263671875,-45.4220962524414,1843.22595214844
"262",94.343734741211,-36.6048202514648,1844.90649414063
"263",93.3478240966797,-30.2996063232422,1847.68774414062
"264",92.0372314453125,-17.3234481811523,1848.40759277344
"265",91.4289855957031,-8.24736785888672,1851.7333984375
"266",91.2866058349609,9.07205200195312,1856.65002441406
"267",91.2598724365234,30.5167617797852,1862.74328613281
"268",84.0323333740234,50.7770843505859,1865.89990234375
"269",83.1971282958985,65.9488830566406,1869.14331054687
"270",77.3824768066406,83.8620986938477,1873.42932128906
"271",73.6520233154297,125.624618530273,1888.3095703125
"272",72.7342681884766,141.331954956055,1893.01293945312
"273",71.7190704345703,163.076736450195,1902.0224609375
"274",71.7326049804688,184.344543457031,1909.54858398438
"275",69.0889587402344,207.307113647461,1917.35083007812
"276",63.9172210693359,245.623931884766,1940.88427734375
"277",56.4270324707031,274.213714599609,1951.828125
"278",53.5530700683594,301.027526855469,1968.17651367188
"279",51.8165130615234,322.703063964844,1980.01684570313
"280",51.1210632324219,342.522583007812,1988.80834960937
"281",50.3800201416015,356.316986083984,1996.77172851562
"282",45.723129272461,370.837158203125,2003.42529296875
"283",43.164535522461,388.391815185547,2019.6982421875
"284",38.1122436523437,402.906463623047,2029.51708984375
"285",33.8844909667969,415.877899169922,2037.36059570313
"286",37.5151977539062,425.909820556641,2043.20678710938
"287",35.240234375,438.639251708984,2050.37744140625
"288",31.1703338623047,451.689117431641,2056.14526367188
"289",25.9639434814453,461.561828613281,2063.00048828125
"290",26.3211975097656,476.739227294922,2072.30200195312
"291",23.0106506347656,487.768768310547,2073.9423828125
"292",22.642333984375,507.4560546875,2080.666015625
"293",13.7137298583984,518.138854980469,2080.22119140625
"294",6.21356201171875,524.512329101562,2081.46435546875
"295",-5.62535095214844,525.486267089844,2082.17700195312
"296",-4.26875305175781,533.644348144531,2077.9423828125
"297",-5.20260620117188,543.193054199219,2079.48950195312
"298",-7.48399353027344,549.909301757813,2077.83984375
"299",-8.65247344970703,551.814453125,2070.6796875
"300",-12.0605239868164,558.502075195312,2070.40625
"301",-17.9771728515625,555.671752929688,2072.41162109375
"302",-21.7407608032227,551.831787109375,2071.60375976562
"303",-22.1006088256836,549.761474609375,2073.28173828125
"304",-21.5058517456055,546.146484375,2075.38305664063
"305",-18.0425491333008,549.357666015625,2076.82836914062
"306",-13.8012237548828,552.304443359375,2075.0908203125
"307",-6.67572784423828,553.300415039062,2077.78100585938
"308",-2.94209289550781,555.182983398438,2082.81396484375
"309",-1.103271484375,548.993408203125,2077.02758789062
"310",0.334518432617188,547.352844238281,2071.99340820313
"311",2.30303955078125,548.685913085937,2070.30419921875
"312",-0.011749267578125,549.264282226563,2069.82983398438
"313",0.01287841796875,551.715454101562,2073.02221679688
"314",-1.86422729492188,553.240234375,2074.46362304688
"315",-3.18426513671875,553.208862304688,2073.07690429688
"316",-3.86331176757813,552.630859375,2070.9306640625
"317",-4.20207214355469,551.590209960938,2067.2919921875
"318",-4.44332885742188,550.467895507812,2063.76831054688
"319",-4.56439208984375,549.557189941406,2060.712890625
"320",-10.3040390014648,545.502807617188,2060.59619140625
"321",-11.3648910522461,541.1455078125,2060.27612304688
"322",-6.91897583007812,532.698913574219,2057.54541015625
"323",-2.73822021484375,526.264526367188,2056.93286132812
"324",2.97789001464844,526.901245117188,2059.30908203125
"325",7.36465454101562,525.387878417969,2053.94970703125
"326",7.21240234375,523.395080566406,2053.70532226562
"327",12.8750457763672,516.677490234375,2051.72314453125
"328",11.8316497802734,510.903747558594,2050.4951171875
"329",10.5830078125,500.620941162109,2047.53735351562
"330",13.7547454833984,491.71240234375,2044.3720703125
"331",12.7361450195312,483.607788085938,2043.97326660156
"332",14.354736328125,474.961486816406,2045.25329589844
"333",17.7678680419922,469.769165039063,2043.46496582031
"334",24.5918121337891,452.822998046875,2037.29516601562
"335",26.4630584716797,438.173400878906,2032.81762695312
"336",28.8513031005859,420.95458984375,2026.00415039062
"337",35.9867706298828,407.128265380859,2020.83227539062
"338",33.9277496337891,389.780426025391,2014.72534179688
"339",34.3844604492187,379.976318359375,2007.88671875
"340",33.0718536376953,361.000793457031,2002.26416015625
"341",38.2262268066406,344.349304199219,1996.67260742188
"342",45.1277770996094,331.226409912109,1989.56286621094
"343",49.7975616455078,318.998474121094,1984.87927246094
"344",53.4193420410156,310.367431640625,1978.51098632812
"345",53.9002532958984,300.732452392578,1973.421875
"346",56.202880859375,288.217224121094,1970.3876953125
"347",61.3101196289062,277.178985595703,1963.7626953125
"348",65.4577178955078,262.662139892578,1961.19885253906
"349",70.4518890380859,251.471984863281,1958.54760742188
"350",80.4286193847656,226.31510925293,1954.10107421875
"351",80.9911651611328,211.675903320312,1949.70922851562
"352",80.2052459716797,196.488662719727,1948.89306640625
"353",80.9205017089844,180.109680175781,1946.42358398438
"354",88.6466827392578,166.334655761719,1939.95092773438
"355",95.499038696289,154.10237121582,1937.64965820312
"356",98.1890563964843,123.200637817383,1928.61584472656
"357",100.918365478516,112.961868286133,1924.64135742188
"358",102.761749267578,101.688690185547,1921.86437988281
"359",102.995513916016,92.9061737060547,1918.03491210937
"360",108.069213867188,81.2239685058594,1915.79174804687
"361",107.105865478516,68.873420715332,1914.03759765625
"362",106.61262512207,60.9868011474609,1912.80322265625
"363",107.783279418945,52.3063735961914,1908.41796875
"364",111.413864135742,39.8729248046875,1906.21032714844
"365",109.526290893555,31.7889022827148,1904.55004882812
"366",108.134063720703,25.4116516113281,1900.85754394531
"367",110.754165649414,14.1259765625,1900.099609375
"368",112.893524169922,6.02272796630859,1898.38525390625
"369",113.196044921875,-4.79769897460938,1893.4501953125
"370",114.827667236328,-15.6303100585937,1892.67846679687
"371",118.388717651367,-19.8114318847656,1892.07116699219
"372",120.97331237793,-26.5750503540039,1885.599609375
"373",123.927215576172,-35.4872512817383,1885.42687988281
"374",117.061737060547,-44.8515472412109,1885.50793457031
"375",110.975952148437,-50.1167602539062,1882.818359375
"376",106.849792480469,-57.863639831543,1881.70446777344
"377",109.005783081055,-65.1566696166992,1879.97509765625
"378",115.317626953125,-70.0933685302734,1878.14245605469
"379",112.147735595703,-74.6764526367187,1876.85986328125
"380",109.181335449219,-79.1099395751953,1877.12707519531
"381",111.043685913086,-84.7240753173828,1875.16223144531
"382",111.302551269531,-92.1537322998047,1874.19689941406
"383",106.204177856445,-93.4556121826172,1873.5546875
"384",102.175628662109,-96.5393981933594,1873.64477539062
"385",105.868621826172,-95.9055633544922,1874.11865234375
"386",112.05419921875,-92.522232055664,1871.84521484375
"387",114.244201660156,-91.1273345947265,1871.57690429687
"388",114.569839477539,-88.6923675537109,1870.08056640625
"389",114.650817871094,-88.3442535400391,1870.16186523437
"390",114.563842773437,-87.4866790771485,1871.07836914063
"391",114.387176513672,-88.4042663574219,1870.90991210938
"392",114.444412231445,-87.2953643798828,1871.65344238281
"393",114.90348815918,-88.1909942626953,1872.19970703125
"394",115.046142578125,-90.2250442504883,1873.88781738281
"395",114.563171386719,-88.4190368652344,1872.63745117188
"396",114.319778442383,-88.6147766113281,1873.00512695312
"397",114.041015625,-89.0869598388672,1874.0859375
"398",113.937561035156,-89.1986999511719,1873.80224609375
"399",114.125549316406,-87.8991622924805,1871.90844726562
"400",114.360061645508,-88.5724334716797,1873.52270507812
"401",114.500686645508,-87.6690673828125,1873.73583984375
"402",114.750213623047,-87.2709045410156,1875.27282714844
"403",114.153045654297,-86.6816101074219,1875.14221191406
"404",117.266250610352,-82.1013488769531,1874.27465820312
"405",120.163177490234,-76.8743362426758,1872.59765625
"406",122.372207641602,-68.1711273193359,1873.64404296875
"407",122.857864379883,-56.8592987060547,1872.37670898438
"408",119.642608642578,-45.6450119018555,1874.40710449219
"409",110.947067260742,-35.6519317626953,1876.7822265625
"410",109.741394042969,-19.583854675293,1881.48291015625
"411",106.927764892578,-0.77801513671875,1882.87573242188
"412",103.089416503906,15.4709930419922,1885.10607910156
"413",102.113098144531,32.0282897949219,1887.8037109375
"414",99.7894439697266,49.3201141357422,1892.2880859375
"415",99.3191375732422,67.7583541870117,1898.42431640625
"416",94.3513793945312,85.7420959472656,1903.26611328125
"417",91.2497100830078,106.586799621582,1910.02587890625
"418",91.5294494628906,139.960906982422,1918.03137207031
"419",94.3165435791016,166.400054931641,1927.79809570313
"420",92.2554931640625,190.136734008789,1936.54418945312
"421",87.0043334960938,214.989410400391,1942.19897460937
"422",83.2982482910156,239.9521484375,1949.4541015625
"423",78.3517456054688,289.827331542969,1965.40771484375
"424",76.9217834472656,311.812194824219,1977.0947265625
"425",72.0660858154297,332.712341308594,1985.5927734375
"426",71.5376281738281,354.551422119141,1994.41357421875
"427",69.4645690917969,371.744567871094,2002.537109375
"428",64.7487182617188,391.516021728516,2009.04223632812
"429",58.4477233886719,407.879089355469,2017.26843261719
"430",54.6447143554688,423.222625732422,2025.76025390625
"431",53.6852416992187,440.079467773438,2034.07348632812
"432",50.3617706298828,456.495910644531,2041.64086914063
"433",43.9930725097656,468.788848876953,2044.61547851562
"434",37.3076629638672,477.511291503906,2049.60473632812
"435",33.1122436523437,492.865478515625,2051.52587890625
"436",28.9172210693359,505.7763671875,2052.82299804688
"437",23.4506530761719,510.969177246094,2055.31127929688
"438",19.0544128417969,515.830017089844,2052.69921875
"439",10.1043090820312,528.334289550781,2054.40307617188
"440",3.66139984130859,536.362609863281,2050.90502929688
"441",-7.39207458496094,539.906982421875,2049.65063476562
"442",-14.4061431884766,540.085083007813,2048.68237304688
"443",-23.361198425293,541.332641601562,2042.72583007812
"444",-30.0226135253906,539.654602050781,2044.53552246094
"445",-22.919548034668,541.228332519531,2042.68188476562
"446",-24.5863265991211,543.474975585938,2047.15551757812
"447",-18.8232574462891,543.867309570312,2045.07641601562
"448",-7.47689819335938,543.245971679688,2043.30407714844
"449",-7.1268310546875,538.588928222656,2043.05200195312
"450",-8.42410278320312,535.946655273437,2041.61926269531
"451",-2.53693389892578,536.411743164062,2040.70349121094
"452",1.61798095703125,536.951416015625,2037.05883789062
"453",-2.91163635253906,536.385070800781,2038.7080078125
"454",-4.92925262451172,532.658630371094,2038.43701171875
"455",-12.2417602539062,533.514282226563,2034.84130859375
"456",-15.9784774780273,533.432739257813,2029.88439941406
"457",-18.1574935913086,533.864868164062,2024.74633789062
"458",-14.2194519042969,537.0595703125,2025.87268066406
"459",-15.6730499267578,534.98095703125,2026.21899414063
"460",-17.0446090698242,532.684753417969,2026.84545898438
"461",-13.9352188110352,531.429138183594,2026.62915039062
"462",-8.17082214355469,524.271484375,2027.36157226562
"463",-9.70306396484375,518.724060058594,2031.04907226562
"464",-15.1392059326172,513.727416992188,2027.42224121094
"465",-17.0361022949219,509.876525878906,2026.65869140625
"466",-17.1473236083984,504.262969970703,2025.06372070312
"467",-15.2295837402344,504.665161132813,2023.36877441406
"468",-13.6889190673828,505.11376953125,2019.99865722656
"469",-12.5525817871094,504.6533203125,2018.42797851562
"470",-12.0217437744141,504.686004638672,2018.99658203125
"471",-11.8636779785156,503.859130859375,2016.28088378906
"472",-11.7374114990234,503.857177734375,2016.49609375
"473",-9.75048828125,504.123382568359,2019.40502929688
"474",-10.5610961914063,504.405151367187,2019.12451171875
"475",-11.1261596679688,504.338012695312,2018.09130859375
"476",-11.1283416748047,503.835388183594,2018.98852539063
"477",-8.19328308105469,500.388549804687,2018.47741699219
"478",-7.55130004882813,494.241333007812,2018.607421875
"479",-10.8472900390625,486.036224365234,2015.65795898438
"480",-12.4804382324219,486.531036376953,2013.646484375
"481",-8.37733459472656,484.650482177734,2015.42041015625
"482",-6.15032958984375,482.378051757812,2011.13220214844
"483",-4.357421875,479.909362792969,2008.47998046875
"484",-0.810745239257813,484.81396484375,2007.23657226563
"485",-1.20791625976562,483.711486816406,2005.392578125
"486",-2.13017272949219,481.878540039063,2004.0849609375
"487",-5.5908203125,476.829040527344,2003.59033203125
"488",-9.0211181640625,474.415466308594,2003.87634277344
"489",-9.19381713867187,471.785949707031,2003.67626953125
"490",-11.1781921386719,470.209655761719,1998.44995117188
"491",-8.67794799804688,472.481689453125,1997.74682617188
"492",-5.93446350097656,472.479919433594,1993.875
"493",-7.09638977050781,469.712036132812,1989.814453125
"494",0.6480712890625,470.0771484375,1993.8994140625
"495",1.63575744628906,466.177825927734,1995.3046875
"496",-1.177001953125,465.036254882812,1994.51416015625
"497",-4.06700134277344,454.929077148437,1994.36596679688
"498",-3.99246215820312,448.135559082031,1991.38269042969
"499",-1.74757385253906,445.085998535156,1991.69384765625
"500",-4.40971374511719,442.141021728516,1990.46020507812
"501",5.5806884765625,441.424835205078,1985.12475585937
"502",13.5335235595703,433.381988525391,1977.39245605469
"503",17.9702453613281,427.654083251953,1975.99792480469
"504",21.8376007080078,422.867126464844,1976.08740234375
"505",26.8347473144531,417.242797851562,1974.9384765625
"506",30.1520843505859,410.235626220703,1973.75268554688
"507",33.7342681884766,399.649291992188,1972.16650390625
"508",32.6729736328125,390.960083007812,1973.97814941406
"509",38.0191345214844,384.782348632812,1974.83544921875
"510",40.0283050537109,372.254455566406,1973.17138671875
"511",41.6285705566406,363.888305664062,1973.537109375
"512",42.3426513671875,348.498779296875,1973.70556640625
"513",46.0171813964844,337.298950195312,1967.66284179687
"514",48.1539459228516,329.132446289063,1966.6015625
"515",47.0159454345703,320.975006103516,1963.9326171875
"516",48.0816955566406,312.940979003906,1962.65454101562
"517",51.9514007568359,305.8603515625,1959.96362304688
"518",53.5231323242188,295.658386230469,1958.72277832031
"519",53.9962310791016,288.990661621094,1957.46740722656
"520",55.5850372314453,280.813781738281,1956.33142089844
"521",60.4147186279297,270.356567382812,1952.47778320313
"522",64.7826080322265,256.803863525391,1951.33764648438
"523",71.2459411621094,238.460113525391,1949.01330566406
"524",78.4018249511719,225.683731079102,1942.65869140625
"525",84.7797088623047,210.527816772461,1940.14477539062
"526",85.5335388183594,187.97966003418,1937.44592285156
"527",85.8262176513672,171.936187744141,1932.07385253906
"528",89.7602386474609,152.991668701172,1925.46801757812
"529",97.6460876464844,141.054214477539,1922.4189453125
"530",97.5614318847656,123.634628295898,1917.7841796875
"531",100.269882202148,114.031036376953,1916.23681640625
"532",102.341415405273,102.432312011719,1915.70849609375
"533",103.781600952148,90.4869766235352,1913.85888671875
"534",111.807525634766,68.8300628662109,1910.41821289062
"535",115.253189086914,49.5283966064453,1907.26916503906
"536",116.980010986328,37.0009613037109,1902.65954589844
"537",117.377136230469,29.8599014282227,1901.81372070312
"538",121.383453369141,19.1074752807617,1897.26611328125
"539",123.91015625,10.3334808349609,1897.68884277344
"540",122.7685546875,-2.77479553222656,1893.79077148438
"541",123.37451171875,-11.0904006958008,1890.4990234375
"542",123.301010131836,-21.4100570678711,1885.39306640625
"543",120.526290893555,-29.4628295898437,1884.01037597656
"544",121.915435791016,-37.1622314453125,1880.36206054687
"545",122.797393798828,-41.6839218139649,1879.81591796875
"546",126.403274536133,-46.4107360839844,1876.63500976563
"547",125.587585449219,-51.9389266967774,1876.81518554688
"548",122.996826171875,-58.6898612976074,1878.06787109375
"549",119.979736328125,-62.7681121826172,1878.14477539062
"550",117.930755615234,-65.0195693969727,1877.24572753906
"551",116.916976928711,-66.0721588134765,1875.68041992187
"552",119.930618286133,-68.7772979736328,1877.86938476562
"553",119.066864013672,-69.298713684082,1877.84521484375
"554",117.844055175781,-69.7500457763672,1878.43627929688
"555",116.873687744141,-68.4604034423828,1877.01928710938
"556",116.471466064453,-68.0857467651367,1879.04541015625
"557",116.226501464844,-67.8479919433594,1878.88330078125
"558",117.476837158203,-64.7513122558594,1881.10522460937
"559",117.930862426758,-61.1686019897461,1880.73608398438
"560",119.049041748047,-60.5213851928711,1879.97241210937
"561",119.736114501953,-60.3488540649414,1878.9873046875
"562",119.965515136719,-60.3120727539062,1878.99865722656
"563",119.1611328125,-63.3767013549805,1877.33288574219
"564",118.128570556641,-65.1546936035156,1877.40148925781
"565",117.191558837891,-66.3317642211914,1876.71447753906
"566",117.745422363281,-63.8089714050293,1876.45434570312
"567",117.953125,-60.5666809082031,1874.90502929688
"568",120.08740234375,-54.9156494140625,1874.95678710938
"569",121.794189453125,-50.1048812866211,1874.64697265625
"570",114.858337402344,-39.7218704223633,1873.09716796875
"571",113.268447875977,-29.5622024536133,1873.14978027344
"572",116.773620605469,-14.5830535888672,1877.6083984375
"573",112.956939697266,0.976921081542969,1876.98828125
"574",106.097732543945,26.145149230957,1881.86401367187
"575",101.746444702148,55.5500259399414,1888.06689453125
"576",99.7149658203125,83.896614074707,1892.74096679688
"577",95.8863372802734,110.039619445801,1897.35803222656
"578",92.1876373291015,132.38688659668,1902.7666015625
"579",87.02880859375,154.501983642578,1905.98913574219
"580",81.1434020996094,171.784072875977,1911.40124511719
"581",76.5721588134765,192.59912109375,1916.28918457031
"582",74.7929382324218,217.232376098633,1922.88842773437
"583",71.5905456542969,239.270309448242,1930.61157226562
"584",61.6189727783203,256.691528320312,1936.6240234375
"585",55.8738708496094,275.796875,1942.21887207031
"586",54.0547332763672,296.955383300781,1950.55883789062
"587",51.3371276855469,317.332794189453,1954.6767578125
"588",42.7449798583984,333.514404296875,1958.56091308594
"589",35.400131225586,352.405517578125,1966.85131835937
"590",29.7623748779297,369.280944824219,1972.08227539062
"591",22.2790222167969,382.554016113281,1978.12182617187
"592",13.1489562988281,396.632537841797,1986.79516601562
"593",1.0992431640625,426.546325683594,1997.51489257812
"594",-11.9710998535156,452.786315917969,2013.88305664062
"595",-23.6644134521484,469.319580078125,2026.36547851562
"596",-32.7793579101563,484.533508300781,2033.05932617187
"597",-41.5724792480469,496.791290283203,2038.314453125
"598",-51.280647277832,507.298004150391,2040.42651367188
"619",-69.2049102783203,525.000549316406,2048.78100585938
"620",-64.9593887329101,523.609252929688,2050.09692382812
"621",-60.9638977050781,522.677734375,2048.48779296875
"622",-60.4031753540039,520.699096679688,2043.18676757812
"623",-60.284797668457,519.165100097656,2039.93090820312
"624",-60.2480087280274,518.792297363281,2040.10083007812
"625",-59.7809829711914,517.330932617188,2038.56762695312
"626",-57.2160873413086,513.5361328125,2035.92724609375
"627",-54.0177917480469,512.321655273437,2036.65380859375
"628",-51.8466796875,510.783569335938,2036.82592773438
"629",-47.504898071289,510.646057128906,2039.49548339844
"630",-44.8728637695312,507.105163574219,2041.23779296875
"631",-39.205307006836,503.924377441406,2034.87451171875
"632",-31.9454650878906,494.590942382812,2033.95434570312
"633",-30.1429748535156,489.947784423828,2033.24731445312
"634",-27.9172668457031,481.225494384766,2033.63452148438
"635",-24.8080291748047,478.995574951172,2032.58984375
"636",-23.0218505859375,477.36474609375,2025.39611816406
"637",-15.7089691162109,468.368347167969,2022.35046386719
"638",-18.4703369140625,459.026062011719,2019.50048828125
"639",-12.3010559082031,451.563537597656,2024.94201660156
"640",-4.857421875,449.406463623047,2022.96520996094
"641",-2.92176818847656,447.336059570312,2021.01342773437
"642",1.13761901855469,437.334167480469,2016.3916015625
"643",2.56390380859375,419.963073730469,2010.525390625
"644",7.05366516113281,405.737915039062,2006.92407226562
"645",9.22544860839844,397.868011474609,2003.64416503906
"646",6.59414672851562,389.616119384766,2005.03454589844
"647",14.3032073974609,378.940002441406,2000.60498046875
"648",21.8309631347656,370.450744628906,1997.56677246094
"649",24.489501953125,360.665588378906,1993.75427246094
"650",24.9863891601562,350.298461914062,1990.48461914063
"651",26.2022552490234,343.666259765625,1990.66552734375
"652",33.8962097167969,326.402282714844,1988.10961914063
"653",37.6275024414062,313.574340820313,1980.52026367188
"654",45.8151245117187,294.390258789062,1971.544921875
"655",55.6662445068359,271.050659179688,1963.60473632812
"656",64.9042205810547,259.997619628906,1957.10473632812
"657",71.9498748779297,243.589660644531,1954.82690429687
"658",76.481948852539,230.542694091797,1950.50952148438
"659",76.5728912353515,217.850433349609,1944.23425292969
"660",78.589859008789,203.691680908203,1937.44519042969
"661",84.3076934814453,182.189498901367,1926.16467285156
"662",92.2698364257812,170.028274536133,1919.19116210937
"663",97.4649810791016,155.421463012695,1912.31457519531
"664",98.7979583740234,142.380218505859,1909.18640136719
"665",96.944580078125,123.202972412109,1905.41772460938
"666",97.5883331298828,113.894348144531,1900.13439941406
"667",97.5949859619141,105.832855224609,1895.33081054687
"668",99.092041015625,96.958251953125,1890.29833984375
"669",101.278457641602,86.857307434082,1885.05944824219
"670",102.173400878906,80.1665496826172,1881.12622070312
"671",100.986419677734,73.1860809326172,1878.13098144531
"672",106.468139648438,62.9702987670899,1876.20690917969
"673",110.045608520508,54.2183532714844,1872.04296875
"674",111.766448974609,41.4355697631836,1871.65478515625
"675",117.990341186523,33.310676574707,1870.13269042969
"676",119.97233581543,26.478401184082,1863.64526367188
"677",122.551574707031,12.3630828857422,1859.91101074219
"678",123.927917480469,-4.09006500244141,1855.95629882812
"679",125.719650268555,-14.537483215332,1851.23364257812
"680",124.370269775391,-20.7828750610352,1850.29833984375
"681",122.830780029297,-26.8436660766602,1849.39038085937
"682",122.538299560547,-31.0117034912109,1850.08471679687
"683",122.205078125,-33.192512512207,1850.98901367188
"684",122.817413330078,-39.942008972168,1850.94873046875
"685",122.831512451172,-44.1126708984375,1848.83544921875
"686",122.003433227539,-44.2929000854492,1848.29418945312
"687",122.23095703125,-46.3122901916504,1849.35424804687
"688",122.258438110352,-47.5587730407715,1848.98266601562
"689",121.599456787109,-46.1516876220703,1850.41064453125
"690",120.348266601563,-44.8429870605469,1849.09069824219
"691",119.470611572266,-43.163444519043,1848.53039550781
"692",119.496017456055,-41.8797607421875,1848.64477539062
"693",119.826629638672,-41.0759963989258,1848.40771484375
"694",121.054382324219,-44.0001907348633,1850.75463867187
"695",121.317321777344,-46.3935241699219,1851.90454101562
"696",121.375457763672,-47.6139450073242,1852.95239257812
"697",121.350250244141,-46.3426666259765,1852.41162109375
"698",121.645355224609,-42.7789993286133,1850.81518554688
"699",122.379150390625,-40.5073547363281,1848.55798339844
"700",121.067459106445,-36.624870300293,1847.20947265625
"701",120.631530761719,-35.1310806274414,1845.00512695312
"702",120.435668945313,-34.2370986938476,1844.94555664063
"703",119.993743896484,-33.9032669067383,1849.09350585937
"704",121.911651611328,-31.5696716308594,1848.33618164063
"705",121.03205871582,-29.2506713867188,1846.54174804687
"706",118.064987182617,-26.4564743041992,1846.76159667969
"707",119.246551513672,-24.3481369018555,1846.39782714844
"708",119.465667724609,-21.6308059692383,1846.916015625
"709",119.871810913086,-9.41123962402344,1849.83752441406
"710",112.173812866211,5.23148345947266,1853.0244140625
"711",112.890548706055,23.0936660766602,1854.95458984375
"712",107.379776000977,47.1969680786133,1861.884765625
"713",103.727798461914,62.8960342407227,1867.48168945313
"714",102.118301391602,81.2246398925781,1871.63928222656
"715",98.6342315673828,96.8424835205078,1876.13623046875
"716",99.0589599609375,113.53035736084,1884.58447265625
"717",98.832778930664,154.049942016602,1900.29858398438
"718",98.5324401855469,172.254257202148,1907.10620117188
"719",96.6919403076172,190.216110229492,1914.767578125
"720",91.4538421630859,208.164108276367,1921.19873046875
"721",85.9257354736328,224.987762451172,1932.46179199219
"722",81.000747680664,260.844207763672,1951.99560546875
"723",79.1401672363281,287.867614746094,1969.90393066406
"724",77.8009643554688,311.260559082031,1983.82092285156
"725",74.1439056396485,330.090637207031,1996.17529296875
"726",71.6182861328125,345.843994140625,2008.0537109375
"727",70.806411743164,366.625122070312,2020.23059082031
"728",73.8274993896485,385.598327636719,2032.29895019531
"729",69.3380279541015,403.612243652344,2045.01440429687
"730",64.6728210449219,418.726409912109,2056.47387695313
"731",56.4817199707031,432.623291015625,2069.1865234375
"732",51.5267181396484,446.646820068359,2077.34204101562
"733",44.1620483398438,457.725341796875,2085.953125
"734",44.2464752197266,473.335327148437,2094.45263671875
"735",30.9764099121094,499.050537109375,2107.50048828125
"736",25.1921081542969,508.946899414062,2108.04638671875
"737",21.1662902832031,519.010681152344,2111.63305664063
"738",12.2763671875,536.518249511719,2116.42553710938
"739",6.20030212402344,549.437866210937,2115.29174804688
"740",-4.63148498535156,555.087036132812,2122.26953125
"741",-13.6117706298828,560.150512695312,2123.87036132812
"742",-25.6019744873047,567.795654296875,2130.73999023438
"743",-31.4428024291992,579.142822265625,2139.19848632812
"744",-40.3754348754883,586.342651367188,2140.97119140625
"745",-46.0796737670899,592.640014648438,2140.1826171875
"746",-53.3874893188476,598.705383300781,2139.46166992187
"747",-66.6220321655273,601.075866699219,2142.99829101562
"757",-68.727409362793,580.284423828125,2144.20239257813
"758",-60.4045257568359,584.4912109375,2144.2734375
"759",-57.3436813354492,588.702331542969,2144.91796875
"760",-57.2525482177734,585.858337402344,2147.48706054688
"761",-58.0860061645508,582.044311523438,2143.77124023438
"762",-53.9993515014649,576.311279296875,2141.63012695313
"763",-45.4710083007812,574.536254882812,2133.26928710937
"764",-43.1086120605469,570.707885742188,2135.02319335938
"765",-42.231689453125,565.590576171875,2133.58959960938
"766",-44.677864074707,563.308959960938,2135.65942382812
"767",-40.0261840820312,559.33544921875,2128.08764648438
"768",-43.6023635864258,558.325134277344,2128.33618164062
"769",-49.0738906860352,545.819091796875,2128.03149414062
"770",-46.4822540283203,538.354187011719,2122.68530273438
"771",-40.6573028564453,536.2724609375,2115.88720703125
"772",-34.8906555175781,534.564331054688,2113.00415039062
"773",-29.4576721191406,534.207153320312,2110.83032226563
"774",-28.4400787353516,529.304626464844,2109.5263671875
"775",-22.7633056640625,523.06591796875,2105.1669921875
"776",-25.4793090820312,516.375244140625,2104.3583984375
"777",-25.3571472167969,510.633728027344,2104.04174804688
"778",-25.3135986328125,507.349365234375,2103.5673828125
"779",-21.6992950439453,499.226959228516,2100.39038085938
"780",-20.2264404296875,493.508178710937,2097.92626953125
"781",-18.4208679199219,483.08740234375,2095.63696289062
"782",-10.6531524658203,477.930908203125,2095.13159179688
"783",-9.50602722167969,468.835205078125,2093.1962890625
"784",-6.70912170410156,458.220947265625,2087.88647460938
"785",-2.15867614746094,455.776489257812,2083.46508789062
"786",-4.99441528320313,444.027496337891,2081.90869140625
"787",-1.97743225097656,440.4150390625,2083.236328125
"788",0.2054443359375,432.564147949219,2073.357421875
"789",4.47256469726563,419.054992675781,2065.50366210938
"790",0.523773193359375,415.015747070312,2065.1943359375
"791",3.71360778808594,406.439208984375,2057.48681640625
"792",4.95619201660156,392.178466796875,2051.34008789062
"793",4.36796569824219,382.663299560547,2046.86889648438
"794",5.7593994140625,373.514526367187,2042.189453125
"795",10.1356811523438,359.198852539063,2036.35534667969
"796",12.4100036621094,351.795166015625,2027.87475585937
"797",17.3817138671875,341.749694824219,2024.04956054688
"798",17.3922424316406,334.88623046875,2019.58056640625
"799",28.8896636962891,326.321258544922,2011.29479980469
"800",35.2294464111328,317.507507324219,2006.06005859375
"801",42.1624755859375,313.923522949219,2004.02075195313
"802",48.5505981445313,300.45263671875,1999.71728515625
"803",52.0449066162109,291.733215332031,1995.56420898437
"804",53.9779052734375,278.265563964844,1985.9443359375
"805",59.1279907226562,251.0361328125,1972.17260742188
"806",57.1464385986328,238.42497253418,1966.66491699219
"807",57.4306488037109,227.848983764648,1962.75036621094
"808",61.2540130615234,212.512557983398,1959.88989257812
"809",71.4833526611328,182.874938964844,1952.13256835937
"810",77.0763397216797,172.542633056641,1947.93017578125
"811",79.4412078857422,157.109512329102,1946.99890136719
"812",81.4799499511719,134.603485107422,1939.49438476562
"813",82.3387756347656,120.179878234863,1933.61315917969
"814",81.3944549560547,103.064514160156,1928.23474121094
"815",85.1263732910156,90.9171447753906,1925.7890625
"816",89.4143829345703,77.4709243774414,1922.61071777344
"817",90.9901275634766,69.8426818847656,1917.78454589844
"818",92.2215118408203,50.7509002685547,1912.2177734375
"819",93.7885284423828,31.9372787475586,1911.501953125
"820",93.6520233154297,21.8612670898438,1909.2451171875
"821",92.656982421875,15.4338989257812,1904.2373046875
"822",91.0128479003906,9.29093170166015,1901.51525878906
"823",84.3546905517578,6.22810363769531,1898.82556152344
"824",86.9808654785156,2.23955535888672,1902.29284667969
"825",91.5666656494141,-2.3232421875,1905.830078125
"826",94.3874206542969,-4.58043670654297,1908.53857421875
"827",95.2395172119141,-3.87195587158203,1911.62878417969
"828",95.363265991211,-4.64147186279297,1914.63757324219
"829",95.7450103759766,-3.91876220703125,1914.32983398438
"830",96.2994384765625,-3.08885192871094,1918.07897949219
"831",104.762329101562,-3.69105529785156,1924.51953125
"832",98.7656860351562,-5.89902496337891,1926.91870117188
"833",97.4518585205078,-5.05515289306641,1929.84741210937
"834",96.6731262207031,-4.32328033447266,1935.09350585937
"835",97.2441558837891,-3.58192443847656,1940.66479492187
"836",91.1845397949219,-12.0330352783203,1943.33972167969
"837",91.1178436279297,-13.4524078369141,1948.86120605469
"838",86.8879547119141,-18.1507034301758,1951.73291015625
"839",80.8136749267578,-21.555061340332,1956.27294921875
"840",76.6546783447265,-23.914176940918,1959.94348144531
"841",74.1713562011719,-25.1505279541016,1966.04223632812
"842",72.8623504638672,-25.9489517211914,1970.77099609375
"843",72.6237487792969,-26.6292037963867,1974.27819824219
"844",76.5231018066406,-27.6779861450195,1982.38232421875
"845",78.8546447753906,-28.4958724975586,1986.23046875
"846",80.3897857666015,-28.718994140625,1986.1083984375
"847",81.2269744873047,-28.2793121337891,1987.15405273437
"848",81.74658203125,-27.7874069213867,1988.84716796875
"849",82.2351989746094,-27.4263763427734,1990.11938476562
"850",82.7096557617188,-26.780158996582,1993.65893554687
"851",82.9510650634766,-27.0193634033203,1996.24291992188
"852",83.2416381835938,-26.4453201293945,1997.48583984375
"853",83.7677764892578,-25.7706985473633,2000.05200195312
"854",82.8987884521484,-24.9878463745117,2001.06298828125
"855",85.1675262451172,-26.9261169433594,2004.35388183594
"856",86.6607818603515,-28.0811233520508,2007.27026367188
"857",87.1483001708984,-29.292854309082,2010.34631347656
"858",91.6640319824219,-29.6167373657227,2011.30834960937
"859",94.720474243164,-24.2519912719727,2012.41564941406
"860",100.565856933594,-21.9552383422852,2018.06713867187
"861",95.5982513427734,-13.710563659668,2016.99951171875
"862",93.4037475585937,0.618423461914062,2021.6591796875
"863",88.6918640136719,26.5961151123047,2027.91235351562
"864",90.6653594970703,46.006217956543,2034.37133789062
"865",88.5952911376953,64.7618255615235,2040.396484375
"866",84.7275848388672,84.1309051513672,2042.8359375
"867",82.473648071289,102.487747192383,2046.47204589844
"868",81.4424133300781,122.86962890625,2051.91015625
"869",77.3265228271484,144.830490112305,2060.60961914062
"870",74.6230926513672,168.3330078125,2067.35009765625
"871",64.5840454101562,201.971984863281,2079.40356445312
"872",59.8675689697265,231.884979248047,2089.20336914062
"873",55.6339721679688,276.718078613281,2107.88720703125
"874",55.1869964599609,306.442810058594,2124.81323242188
"875",49.1409454345703,335.855407714844,2138.79711914062
"876",48.5078430175781,353.164489746094,2145.56665039062
"877",41.4581146240234,373.8857421875,2158.28955078125
"878",36.0763397216797,391.315490722656,2166.91674804688
"879",35.5481719970703,407.537231445312,2176.9375
"880",33.3988037109375,421.423431396484,2184.32666015625
"881",30.0880432128906,431.43603515625,2192.19750976562
"882",30.63037109375,446.256774902344,2195.94506835938
"883",27.5836944580078,458.177917480469,2200.15405273438
"884",26.8877105712891,469.728576660156,2202.48388671875
"885",23.0337371826172,481.906311035156,2203.47119140625
"886",19.1870727539062,495.403198242187,2210.81323242188
"887",8.42329406738281,501.684997558594,2209.93286132812
"888",3.15582275390625,511.791625976562,2204.79174804688
"889",-2.66531372070312,522.856628417969,2210.28735351562
"890",-13.9989471435547,539.958557128906,2215.0078125
"891",-24.2100219726562,547.000610351562,2219.953125
"892",-29.8356246948242,556.907409667969,2224.44702148438
"893",-43.2037124633789,563.096069335937,2225.67724609375
"894",-52.0111312866211,566.444458007812,2224.41796875
"895",-55.8355712890625,577.368408203125,2221.65112304688
"896",-68.938835144043,584.753173828125,2220.30053710938
"908",-63.2036895751953,566.644287109375,2205.98315429688
"909",-50.0409774780273,561.326416015625,2201.029296875
"910",-44.9721984863281,549.577514648438,2196.11694335938
"911",-49.2587585449219,542.221740722656,2197.45971679688
"912",-42.0420379638672,537.414001464844,2194.48291015625
"913",-34.9282531738281,531.850219726562,2187.06640625
"914",-36.5091552734375,523.540100097656,2176.41040039062
"915",-32.9427032470703,515.806579589844,2171.6103515625
"916",-30.8300476074219,505.243804931641,2167.41381835938
"917",-29.4557952880859,496.592498779297,2161.8916015625
"918",-27.5423278808594,492.773498535156,2163.48193359375
"919",-25.9350433349609,489.093994140625,2162.69189453125
"920",-16.5287475585937,483.150085449219,2161.77124023438
"921",-9.697265625,472.914489746094,2156.99560546875
"922",-4.68740844726562,465.711090087891,2152.80859375
"923",1.56556701660156,461.01611328125,2148.65698242187
"924",3.89077758789062,459.208160400391,2150.18823242187
"925",-0.0404815673828125,443.5810546875,2145.12841796875
"926",0.323165893554688,434.767333984375,2142.44580078125
"927",0.50726318359375,428.821441650391,2134.16967773438
"928",-4.44938659667969,418.007995605469,2129.40600585938
"929",0.168991088867188,411.383483886719,2123.677734375
"930",-6.99720764160156,400.279846191406,2117.6103515625
"931",-4.147216796875,392.946563720703,2111.19921875
"932",-2.8162841796875,388.511596679687,2106.19458007812
"933",-1.97183227539062,386.499450683594,2105.1435546875
"934",3.15469360351562,383.461608886719,2100.9375
"935",4.94793701171875,380.839172363281,2094.58935546875
"936",8.70964050292969,375.0869140625,2091.15356445312
"937",12.3242797851562,363.926574707031,2084.22241210938
"938",13.4500274658203,357.546264648438,2081.9755859375
"939",12.705322265625,351.633483886719,2080.8857421875
"940",14.9024505615234,343.904602050781,2075.48510742188
"941",17.4569702148438,335.460571289062,2074.77856445312
"942",19.8817138671875,328.615570068359,2067.9375
"943",32.26123046875,307.928161621094,2059.72094726562
"944",39.333267211914,294.285827636719,2056.40307617188
"945",47.2106170654297,281.841949462891,2053.2421875
"946",54.5151824951172,277.825256347656,2052.533203125
"947",58.7969512939453,268.633056640625,2048.45166015625
"948",59.5309448242188,254.207763671875,2047.03723144531
"949",58.0678863525391,243.905380249023,2042.46606445313
"950",59.242431640625,235.653564453125,2039.24951171875
"951",61.6030578613281,230.181777954102,2037.25036621094
"952",60.5057067871094,218.349563598633,2035.07153320312
"953",74.5043640136719,191.113159179687,2020.19592285156
"954",80.24462890625,168.695526123047,2015.33972167969
"955",87.5753479003906,154.050323486328,2011.72583007812
"956",92.6862335205078,141.789413452148,2009.08715820312
"957",98.5990905761719,132.211944580078,2005.89013671875
"958",100.313568115234,122.398284912109,2002.8896484375
"959",102.681976318359,114.08283996582,1999.953125
"960",106.217483520508,107.53443145752,1999.38452148438
"961",108.568420410156,97.3116073608398,1996.37475585937
"962",108.179779052734,86.8478240966797,1993.095703125
"963",108.945678710938,76.4278259277344,1992.69287109375
"964",108.904083251953,69.291015625,1990
"965",108.802551269531,65.2946166992188,1984.48815917969
"966",108.581909179688,63.3517074584961,1980.5771484375
"967",108.274276733398,59.9400024414062,1977.84692382812
"968",108.534561157227,58.7807769775391,1974.13452148438
"969",105.79182434082,50.28076171875,1967.09106445312
"970",105.487655639648,43.5017013549805,1963.76098632812
"971",106.071487426758,38.5383911132812,1960.66040039062
"972",106.213195800781,35.9942398071289,1956.73889160156
"973",105.993499755859,34.6219024658203,1952.06701660156
"974",105.626846313477,35.5081024169922,1949.09301757812
"975",105.310440063477,36.0918121337891,1942.4091796875
"976",104.978332519531,36.3209915161133,1937.09692382812
"977",104.487228393555,34.8288421630859,1928.65600585937
"978",103.65705871582,35.1175842285156,1921.91552734375
"979",103.423416137695,34.0017700195312,1917.34765625
"980",103.185806274414,33.2708892822265,1913.6884765625
"981",102.664642333984,32.8280029296875,1909.34729003906
"982",102.312576293945,32.669677734375,1907.94177246094
"983",102.081954956055,32.5508117675781,1906.119140625
"984",100.986724853516,32.6143569946289,1903.26171875
"985",100.950469970703,32.3046493530273,1899.83044433594
"986",93.0287322998047,29.7799835205078,1894.16552734375
"987",83.8628234863281,28.9623031616211,1887.22143554687
"988",82.9122009277344,29.6952590942383,1882.91259765625
"989",78.156265258789,28.6044464111328,1874.15185546875
"990",74.1449584960938,26.9106216430664,1866.72802734375
"991",75.8064270019531,34.3167953491211,1857.85107421875
"992",74.6800384521484,40.4081115722656,1845.45397949219
"993",73.7727813720703,43.9006881713867,1835.90625
"994",66.9671173095703,44.6597061157226,1825.35717773438
"995",65.1915740966797,46.2676620483399,1817.33947753906
"996",65.0357055664062,47.9344100952148,1811.28491210937
"997",65.2103118896485,48.8517227172851,1806.78979492188
"998",65.5460662841797,49.4734573364258,1803.44226074219
"999",65.4516296386719,49.8703842163086,1801.83825683594
"1000",65.5246887207031,50.1579971313476,1799.78076171875
"1001",75.2191314697266,50.8266677856445,1798.09460449219
"1002",83.6120452880859,52.7121124267578,1796.35925292969
"1003",85.5612487792969,52.3559722900391,1798.19775390625
"1004",84.7860412597656,50.9906921386719,1798.55883789062
"1005",86.104507446289,53.7244720458984,1800.24230957031
"1006",90.9244232177735,55.4850311279297,1807.021484375
"1007",87.6893463134765,64.0086822509765,1812.28454589844
"1008",86.9317779541015,74.204605102539,1814.29724121094
"1009",81.5552673339844,85.4642791748047,1818.453125
"1010",78.3206481933594,100.359565734863,1824.0966796875
"1011",73.8167877197265,114.580322265625,1830.08715820312
"1012",72.3209381103515,132.405639648438,1839.88452148438
"1013",72.5661315917969,166.36442565918,1855.39587402344
"1014",72.1259155273438,190.595443725586,1869.0234375
"1015",71.7538146972656,214.113723754883,1882.64416503906
"1016",71.9451751708984,232.472137451172,1894.39099121094
"1017",71.1793060302734,250.429824829102,1903.30737304688
"1018",72.5249786376953,266.857360839844,1910.02490234375
"1019",71.6480407714844,283.572448730469,1917.12963867187
"1020",69.3127746582031,300.655334472656,1924.44799804688
"1021",69.316162109375,328.577270507812,1939.9501953125
"1022",63.7579956054688,351.864105224609,1954.75329589844
"1023",57.2075347900391,369.297302246094,1963.6611328125
"1024",56.0002136230469,385.066223144531,1973.83618164063
"1025",51.281494140625,399.032897949219,1979.05053710938
"1026",48.9599914550781,410.491943359375,1987.08862304688
"1027",45.408432006836,418.504943847656,1992.91333007812
"1028",44.2150421142578,433.783264160156,1999.66674804687
"1029",39.1305084228516,455.355590820313,2007.70556640625
"1030",34.1602325439453,467.709655761719,2012.30078125
"1031",26.7861328125,485.524810791016,2019.35302734375
"1032",24.8211364746094,500.840118408203,2028.57189941406
"1033",15.7186279296875,516.415771484375,2034.96618652344
"1034",9.49815368652344,529.320861816406,2039.4833984375
"1035",4.62645721435547,537.460327148437,2044.33142089844
"1036",-2.74986267089844,542.830871582031,2044.7041015625
"1037",-6.77806854248047,545.924072265625,2046.99279785156
"1038",-8.95140838623047,547.677612304688,2046.49682617188
"1039",-14.9246063232422,545.822265625,2048.21240234375
"1040",-12.6130218505859,544.018188476563,2049.02709960938
"1041",-7.19580841064453,538.293273925781,2046.88061523437
"1042",2.14085388183594,531.440002441406,2047.82470703125
"1043",8.27561950683594,527.392211914062,2048.24389648438
"1044",19.3460235595703,520.1796875,2045.82800292969
"1045",24.2120361328125,514.397705078125,2042.87231445312
"1046",24.5633544921875,504.990753173828,2042.63500976563
"1047",23.44580078125,498.669189453125,2041.92749023437
"1048",28.0820617675781,488.679077148438,2040.28442382812
"1049",29.1275024414062,476.078491210938,2036.37109375
"1050",27.100830078125,460.885559082031,2027.3115234375
"1051",26.9349975585938,455.535278320312,2022.78125
"1052",38.2803497314453,446.680145263672,2017.02734375
"1053",50.480712890625,430.182708740234,2008.57495117188
"1054",52.4479064941406,414.959747314453,2002.30749511719
"1055",55.6918334960938,403.766967773438,1998.46630859375
"1056",60.072509765625,382.018676757812,1985.9921875
"1057",60.279296875,358.291748046875,1974.31860351562
"1058",64.466293334961,329.720642089844,1960.16625976563
"1059",65.8391723632812,312.883178710937,1953.97473144531
"1060",65.4609375,298.526885986328,1943.77014160156
"1061",66.0406799316406,284.584594726562,1937.32141113281
"1062",70.788833618164,264.622039794922,1924.86669921875
"1063",86.2471008300781,226.827529907227,1904.84301757812
"1064",95.549789428711,187.746337890625,1888.94091796875
"1065",98.4198150634766,161.068267822266,1878.71496582031
"1066",101.288009643555,144.405090332031,1873.23608398438
"1067",102.451095581055,132.392608642578,1867.31860351562
"1068",106.874725341797,107.070083618164,1857.30871582031
"1069",104.672348022461,85.3621368408203,1848.27099609375
"1070",101.545913696289,69.2744522094727,1844.53271484375
"1071",103.965759277344,59.2267456054688,1842.56359863281
"1072",107.032958984375,53.9578094482422,1841.86413574219
"1073",109.494537353516,40.4081115722656,1837.91357421875
"1074",113.910491943359,34.2530364990234,1834.33898925781
"1075",113.94172668457,28.3419036865234,1832.74536132813
"1076",109.079803466797,24.1699295043945,1831.65600585937
"1077",113.085815429688,18.8388442993164,1826.966796875
"1078",106.222579956055,13.9368438720703,1826.23022460937
"1079",108.253509521484,10.1941528320312,1827.73876953125
"1080",109.126861572266,4.27394104003906,1830.65441894531
"1081",106.776153564453,3.27114868164062,1830.19604492187
"1082",105.09553527832,3.2525634765625,1829.28881835937
"1083",108.838073730469,3.25150299072266,1829.0927734375
"1084",109.336776733398,7.47342681884766,1828.50537109375
"1085",109.185791015625,15.3202056884766,1829.34497070312
"1086",112.086639404297,22.6869964599609,1832.80554199219
"1087",110.480422973633,28.2808609008789,1832.48315429687
"1088",105.25178527832,38.6435470581055,1835.3173828125
"1089",100.843383789063,55.9151916503906,1842.3271484375
"1090",96.9739227294922,73.2413177490235,1846.22924804687
"1091",99.4540863037109,87.269027709961,1850.11596679688
"1092",100.282348632812,103.780059814453,1854.70178222656
"1093",97.8175201416016,128.589477539062,1862.05493164062
"1094",88.1531219482422,199.109191894531,1895.31909179688
"1095",85.9036102294922,246.795486450195,1916.77600097656
"1096",80.9759979248047,278.574401855469,1932.11193847656
"1097",77.3275299072266,303.165283203125,1944.53845214844
"1098",76.0879516601563,328.390380859375,1955.78442382812
"1099",71.3237915039062,355.550048828125,1975.095703125
"1100",70.8068389892578,375.905578613281,1988.0615234375
"1101",65.3767700195312,395.316192626953,1997.08410644531
"1102",57.8622283935547,410.491394042969,2003.89501953125
"1103",52.1041870117187,426.222259521484,2015.59167480469
"1104",32.6819610595703,457.518981933594,2031.84252929687
"1105",20.1781005859375,479.732727050781,2041.873046875
"1106",11.8345489501953,493.646606445312,2048.263671875
"1107",3.98121643066406,506.827758789062,2052.42529296875
"1108",-4.80900573730469,517.027465820312,2058.43432617188
"1109",-16.0409240722656,529.078491210938,2061.19750976562
"1110",-28.0142669677734,541.070678710938,2062.94409179687
"1111",-37.5135269165039,549.038818359375,2064.55444335938
"1112",-47.7531204223633,552.260009765625,2064.06127929688
"1113",-55.7326812744141,556.070129394531,2062.38598632812
"1114",-60.7471313476562,554.971374511719,2062.82250976562
"1115",-56.3605651855469,550.888977050781,2064.68505859375
"1116",-43.348876953125,546.687866210938,2061.04296875
"1117",-36.6661071777344,536.481872558594,2057.85864257813
"1118",-18.1663818359375,514.21923828125,2048.814453125
"1119",-3.814697265625,500.138061523438,2043.84252929687
"1120",-0.429977416992188,482.840454101563,2037.91357421875
"1121",-0.484039306640625,471.768341064453,2034.72534179688
"1122",4.17707824707031,460.721740722656,2029.89489746094
"1123",6.28819274902344,452.543823242187,2025.03967285156
"1124",5.57975769042969,439.300354003906,2020.04772949219
"1125",12.6898345947266,420.052459716797,2009.00561523438
"1126",17.3637237548828,409.424530029297,2005.19860839844
"1127",19.9285583496094,402.712799072266,1999.82373046875
"1128",18.5941162109375,392.087036132812,1995.466796875
"1129",21.1915740966797,379.5107421875,1988.31567382813
"1130",23.7205810546875,363.798492431641,1979.0751953125
"1131",32.8298950195312,345.439910888672,1967.19921875
"1132",36.7270812988281,324.300598144531,1961.3740234375
"1133",38.1613159179688,309.991943359375,1952.33703613281
"1134",41.5096435546875,295.156463623047,1943.65991210937
"1135",44.7050018310547,282.7880859375,1934.04565429688
"1136",47.9622955322266,268.881866455078,1924.05065917969
"1137",50.0563812255859,254.736999511719,1917.49609375
"1138",52.5639343261719,243.534851074219,1908.67504882812
"1139",53.1038665771484,228.100311279297,1903.02905273438
"1140",53.4372406005859,217.83723449707,1896.68017578125
"1141",58.5301971435547,198.911361694336,1888.67456054687
"1142",65.1483917236328,178.680801391602,1880.45532226562
"1143",72.0367736816406,164.706481933594,1875.24584960938
"1144",75.5879974365234,145.524200439453,1863.94555664063
"1145",77.093994140625,128.701080322266,1859.4541015625
"1146",76.6880798339843,115.674118041992,1855.52416992188
"1147",75.505859375,107.100723266602,1850.07470703125
"1148",78.9755401611328,102.21826171875,1848.43444824219
"1149",81.9319915771485,90.7079238891602,1848.47094726562
"1150",86.7169952392578,85.6797637939453,1844.64770507812
"1151",87.4695587158203,80.1321640014648,1840.99938964844
"1152",89.7606658935547,77.439567565918,1839.39501953125
"1153",91.062484741211,74.4103698730469,1837.6630859375
"1154",88.6226654052735,67.870231628418,1836.95654296875
"1155",90.4856414794922,61.3948593139649,1834.51806640625
"1156",92.6773529052734,55.7983627319336,1834.79663085937
"1157",95.5098876953125,51.5690612792969,1833.92956542969
"1158",95.3825225830078,45.8958129882813,1831.92883300781
"1159",95.7222290039063,41.4507217407226,1831.4755859375
"1160",95.5399017333984,35.9515609741211,1830.19995117188
"1161",94.9193725585937,32.8829803466797,1830.94091796875
"1162",96.565200805664,28.582893371582,1829.236328125
"1163",97.9686126708985,25.1852493286133,1828.11596679688
"1164",96.8202056884766,26.3306655883789,1828.15087890625
"1165",97.9595642089844,25.6954498291016,1828.22387695312
"1166",98.7962951660156,23.7891311645508,1827.68774414062
"1167",99.0581665039062,23.9203338623047,1827.82006835937
"1168",97.4781036376953,25.6526718139648,1828.14086914063
"1169",98.0908050537109,25.0802307128906,1827.16430664062
"1170",98.6855316162109,24.8287887573242,1828.2939453125
"1171",98.8304290771485,24.5603942871094,1828.20825195313
"1172",98.7899322509765,24.4162216186523,1828.18237304687
"1173",97.0808563232422,25.7931900024414,1828.72729492188
"1174",97.6782073974609,24.8248291015625,1829.26733398438
"1175",97.6150970458984,25.7012786865234,1829.12475585937
"1176",96.841323852539,27.3766021728516,1827.89611816406
"1177",95.4321746826172,28.7568283081055,1828.28857421875
"1178",94.50341796875,32.1278457641602,1826.87841796875
"1179",93.2475280761719,35.3960800170899,1826.490234375
"1180",93.1063690185547,42.003288269043,1829.40319824219
"1181",94.1473693847656,57.8142395019531,1833.31616210938
"1182",92.7545471191406,75.4276504516602,1837.10119628906
"1183",92.8141021728515,88.8101501464844,1842.81567382813
"1184",94.6499328613281,106.294227600098,1850.0732421875
"1185",93.7501678466797,124.227493286133,1855.0966796875
"1186",93.4153747558594,141.998413085938,1862.4560546875
"1187",92.4301300048828,162.619003295898,1865.62133789062
"1188",91.7251892089844,182.359130859375,1870.84289550781
"1189",89.2662048339844,199.071136474609,1877.58764648438
"1190",83.2445526123047,217.879913330078,1888.318359375
"1191",78.5257720947265,239.89697265625,1896.55432128906
"1192",75.74169921875,262.979583740234,1904.21044921875
"1193",73.0072021484375,279.802978515625,1912.60339355469
"1194",67.9365844726562,298.629150390625,1923.19311523437
"1195",64.4030456542969,321.540466308594,1934.173828125
"1196",60.5855407714844,343.364654541016,1945.67346191406
"1197",53.5979919433594,364.772827148438,1956.46020507812
"1198",52.8302459716797,385.749084472656,1967.279296875
"1199",50.3671112060547,403.212951660156,1980.31567382813
"1200",46.8978424072265,421.726715087891,1990.87036132812
"1201",37.4711303710938,438.435424804687,2002.8271484375
"1202",29.9554901123047,453.998870849609,2015.43579101563
"1203",21.4393768310547,467.675170898438,2026.76782226562
"1204",11.7611083984375,476.171752929687,2033.583984375
"1205",-2.09172058105469,501.589416503906,2044.89562988281
"1206",-12.3776702880859,522.008972167969,2056.1044921875
"1207",-20.64892578125,536.258911132812,2063.62719726562
"1208",-31.9335784912109,547.556884765625,2069.42016601562
"1209",-46.8760833740234,552.850708007812,2073.79736328125
"1210",-56.3843612670898,561.053894042969,2077.31811523438
"1211",-67.6835250854492,570.193969726563,2080.94213867188
"1222",-62.2714385986328,559.358642578125,2081.3330078125
"1223",-50.7415924072265,543.839111328125,2081.21215820313
"1224",-38.3743438720703,520.856506347656,2071.77685546875
"1225",-22.5538940429688,500.805847167969,2062.53271484375
"1226",-9.62506103515625,480.524597167969,2053.53686523438
"1227",6.72531127929687,457.703186035156,2043.15954589844
"1228",17.1578674316406,432.258056640625,2032.4736328125
"1229",28.72998046875,410.846374511719,2017.80871582031
"1230",41.7130279541016,388.452209472656,2007.783203125
"1231",49.884780883789,362.920593261719,1993.79553222656
"1232",56.1153106689453,342.480224609375,1977.51672363281
"1233",63.5086822509766,316.8486328125,1964.16540527344
"1234",71.7420349121094,287.647216796875,1948.98364257812
"1235",78.0723876953125,252.453384399414,1932.84936523437
"1236",84.9973602294922,219.819290161133,1921.9423828125
"1237",94.2478790283203,188.792114257812,1908.00048828125
"1238",100.005065917969,160.131042480469,1892.24731445312
"1239",102.556594848633,133.638031005859,1880.64428710937
"1240",102.172836303711,109.110702514648,1871.49829101562
"1241",96.8895416259766,83.0650253295898,1855.50244140625
"1242",83.728775024414,65.8203964233398,1842.33630371094
"1243",68.3339691162109,50.5615844726562,1826.93493652344
"1244",40.2975616455078,31.9637756347656,1803.89636230469
"1245",-69.1929244995117,-137.07682800293,1753.62341308594
"NA",NA,NA,NA
"NA.1",NA,NA,NA
"NA.2",NA,NA,NA
"NA.3",NA,NA,NA
"NA.4",NA,NA,NA
"NA.5",NA,NA,NA
"NA.6",NA,NA,NA
"NA.7",NA,NA,NA
"NA.8",NA,NA,NA
"NA.9",NA,NA,NA
"NA.10",NA,NA,NA
"NA.11",NA,NA,NA
"NA.12",NA,NA,NA
"NA.13",NA,NA,NA
"NA.14",NA,NA,NA
"NA.15",NA,NA,NA
"NA.16",NA,NA,NA
"NA.17",NA,NA,NA
"NA.18",NA,NA,NA
"NA.19",NA,NA,NA
"NA.20",NA,NA,NA
"NA.21",NA,NA,NA
"NA.22",NA,NA,NA
"NA.23",NA,NA,NA
"NA.24",NA,NA,NA
"NA.25",NA,NA,NA
"NA.26",NA,NA,NA
"NA.27",NA,NA,NA
"NA.28",NA,NA,NA
"NA.29",NA,NA,NA
"NA.30",NA,NA,NA
"NA.31",NA,NA,NA
"NA.32",NA,NA,NA
"NA.33",NA,NA,NA
"NA.34",NA,NA,NA
"NA.35",NA,NA,NA
"NA.36",NA,NA,NA
"NA.37",NA,NA,NA
"NA.38",NA,NA,NA
"NA.39",NA,NA,NA
"NA.40",NA,NA,NA
"NA.41",NA,NA,NA
"NA.42",NA,NA,NA
"NA.43",NA,NA,NA
"NA.44",NA,NA,NA
"NA.45",NA,NA,NA
"NA.46",NA,NA,NA
"NA.47",NA,NA,NA
"NA.48",NA,NA,NA
"NA.49",NA,NA,NA
"NA.50",NA,NA,NA
"NA.51",NA,NA,NA
"NA.52",NA,NA,NA
"NA.53",NA,NA,NA
"NA.54",NA,NA,NA
"NA.55",NA,NA,NA
"NA.56",NA,NA,NA
